id,domain,status,purchase_price,renewal_price,attractiveness,demand,length,registrar,created_at,expires_at,status_verified_at
0913bcd4-2d4d-4705-a83d-d952721c8990,departed.theater,available,19.99,83.99,medium,low,8,name.com,,,07/08/2026 11:31
10522146-7364-40b8-b310-25953b93ff01,brainless.theater,available,19.99,83.99,medium,low,9,name.com,,,11/08/2026 01:41
1528582b-6848-471c-b8c2-f4e04b123e4f,spun.theater,available,65.99,65.99,medium,low,4,namesilo,,,29/09/2026 15:59
2cbc949e-0c9a-47dc-b564-d3ece4d99987,naif.theater,available,65.99,65.99,high,low,4,namesilo,,,03/09/2026 12:52
1c98a162-0f98-46a2-b8db-254da99a11aa,wealthy.theater,available,65.99,65.99,high,low,7,namesilo,,,21/09/2026 21:57
05fd2fa5-20a4-4be3-9a51-8e064cc30b45,subsidiary.theater,available,65.99,65.99,high,low,10,namesilo,,,29/09/2026 14:18
3e9fea98-7eac-4236-a1d1-bd81b98850cd,swiftly.theater,available,51.95,51.95,high,low,7,spaceship,,,28/09/2026 14:53
6c6b4c4f-8f27-42e1-ab1a-da2a79b8c9cc,testicular.theater,available,65.99,65.99,medium,low,10,namesilo,,,11/09/2026 12:06
7a980af4-d763-48c5-93fd-300f19c5c9c9,israelites.theater,available,67.98,80.98,high,low,10,namecheap,,,27/09/2026 13:59
048e61a8-5ab8-4b8b-8c7b-480f14603f18,harding.theater,available,10.81,52.01,high,low,7,porkbun,,,28/09/2026 19:24
ec562fa6-7f81-48f6-9cb3-ad7dc1a30ada,music.theater,premium,512,512,high,medium,5,namesilo,,,28/09/2026 07:33
d0e6da16-8f67-4a3d-aa8d-54e026a61a32,piggy.theater,available,19.99,83.99,high,low,5,name.com,,,21/08/2026 10:19
a8a9cdff-a086-43f6-9cc3-4898f228f1f1,adults.theater,available,65.99,65.99,medium,low,6,namesilo,,,27/09/2026 09:52
e7b78758-75aa-472a-83ab-506db5dad05a,permutable.theater,available,67.98,80.98,medium,low,10,namecheap,,,08/09/2026 17:50
5a4a16c6-01bd-4c7f-bc10-532bcfb9cc0c,currency.theater,available,10.81,52.01,high,low,8,porkbun,,,29/09/2026 13:06
7d5d5c76-a92c-4dd6-915e-813834d34f38,teddy.theater,available,65.99,65.99,high,low,5,namesilo,,,24/09/2026 14:16
8939c9fe-a5a4-4cc8-9a19-e2251d8a2a63,allophonic.theater,available,19.99,83.99,medium,low,10,name.com,,,
28d53a3d-f153-4da3-b575-9b8374e3a753,smoking.theater,available,51.95,51.95,high,low,7,spaceship,,,27/09/2026 23:20
033253f3-44c3-40b1-b6c1-dd1d6e11cc0c,liquefied.theater,available,19.99,83.99,medium,low,9,name.com,,,23/08/2026 22:01
c0bf7a0b-5398-4847-bbbc-4bf1494529e7,twentieth.theater,available,65.99,65.99,high,low,9,namesilo,,,21/09/2026 12:27
17b653ee-5237-4397-82f6-56804e1dcab8,shirts.theater,available,65.99,65.99,high,low,6,namesilo,,,27/09/2026 11:13
74250b73-58c1-4642-9618-8ada6e3d6b2c,sewed.theater,available,65.99,65.99,medium,low,5,namesilo,,,10/09/2026 05:05
3541b701-517b-4863-95a1-5543f1cc960b,castro.theater,available,65.99,65.99,high,low,6,namesilo,,,28/09/2026 09:15
6fd84d9a-5820-4973-9970-f2e697178bb3,franks.theater,available,19.99,,high,low,6,name.com,,,
e307196b-3231-42ea-8077-24ae5a220873,partly.theater,available,67.98,80.98,medium,low,6,namecheap,,,15/09/2026 19:01
b063f8d9-c619-46c5-a113-86410a0f6620,occupation.theater,available,51.95,51.95,high,low,10,spaceship,,,28/09/2026 06:05
fb8e38bd-babf-4da3-880b-ea7f08ed0030,problems.theater,available,65.99,65.99,medium,low,8,namesilo,,,25/09/2026 17:11
d0f24491-f487-4354-94c4-fbff70961fcf,tribade.theater,available,19.99,83.99,medium,low,7,name.com,,,23/08/2026 00:20
361ecc90-acdf-4976-8102-1e80bb7d1606,antony.theater,available,65.99,65.99,high,low,6,namesilo,,,19/09/2026 13:33
52646478-bff4-4267-8cda-54a7097fb4f9,taurine.theater,available,65.99,65.99,medium,low,7,namesilo,,,11/09/2026 09:15
4f61c0ea-c419-4131-ba15-44a456ba14c8,legibly.theater,available,65.99,65.99,medium,low,7,namesilo,,,14/09/2026 11:06
f944b5b7-67ac-491b-b7ea-920d2200aa31,eastward.theater,available,19.99,83.99,high,low,8,name.com,,,14/08/2026 22:48
8b51bde0-f3dd-49f6-adca-83f016aee1b1,analytical.theater,available,19.99,83.99,high,low,10,name.com,,,
b5d4e645-79f3-4e64-a4f7-71d9ec8bc191,asterion.theater,available,67.98,80.98,medium,low,8,namecheap,,,20/09/2026 17:10
60d35fed-07e8-42fd-9cab-cb13f82dadcc,propagated.theater,available,19.99,,medium,low,10,name.com,,,
7c654bb0-dbf0-4393-a342-42c710494b8e,checkered.theater,available,19.99,83.99,high,low,9,name.com,,,12/08/2026 03:38
41f50ec8-701e-49fd-8ebe-2185e4abe7e3,proclamation.theater,available,65.99,65.99,high,low,12,namesilo,,,29/09/2026 16:06
df22380b-c7ec-4ba6-a613-4fc0b7467c52,peasant.theater,available,19.99,83.99,high,low,7,name.com,,,11/08/2026 07:35
056b73ec-f6c0-49ff-89a6-29ef2a7b4744,din.theater,available,19.99,83.99,high,low,3,name.com,,,10/08/2026 13:17
c8b0b435-5055-4fb6-8ce1-67c2d9eae011,vending.theater,available,10.92,53.72,high,low,7,dynadot,,,29/09/2026 07:51
f1a47bea-cd22-47e2-b108-d1569460b35c,resolve.theater,available,67.98,80.98,high,low,7,namecheap,,,28/09/2026 01:54
7a9af8ef-7ef1-4771-ad09-1c46a2c81ac8,banquette.theater,available,67.98,80.98,high,low,9,namecheap,,,22/09/2026 03:08
68c344dd-c18f-4694-87ab-8b9ee3b04468,grades.theater,available,65.99,65.99,high,low,6,namesilo,,,27/09/2026 11:23
9a0eb35c-fb37-4a12-91c4-7bd5738f7c60,proportion.theater,available,19.99,,high,low,10,name.com,,,
b0d500dd-f169-434a-8db3-cdb4316aa85e,burly.theater,available,19.99,83.99,medium,low,5,name.com,,,09/08/2026 07:54
374ded17-aa55-4a40-b787-55e324cbf3a8,yourself.theater,available,65.99,65.99,high,low,8,namesilo,,,25/09/2026 12:53
a0496085-1461-4f33-aac0-2826626f4459,emboldened.theater,available,19.99,83.99,high,low,10,name.com,,,16/08/2026 10:22
ce003409-f600-4202-b39e-f2ce7d3ece42,intimate.theater,available,67.98,80.98,high,low,8,namecheap,,,25/09/2026 10:27
d5a9ed5e-b68b-44d2-8778-8e08045e450b,elated.theater,available,19.99,83.99,high,low,6,name.com,,,16/08/2026 00:44
7bef9e39-5dd8-46ee-ae3b-f417de756d5c,chaste.theater,available,19.99,83.99,high,low,6,name.com,,,12/08/2026 03:11
e9c96561-a986-4902-9321-c1e1c2d09dd4,gigantic.theater,available,19.99,83.99,high,low,8,name.com,,,18/08/2026 23:29
80482fd0-bc72-42c5-bd2c-0d3810f031dd,aphelion.theater,available,65.99,65.99,medium,low,8,namesilo,,,19/09/2026 16:55
badd6942-5bf6-4c90-b04d-505df6f1f686,tike.theater,available,19.99,83.99,medium,low,4,name.com,,,25/08/2026 00:12
b336c8ef-83b7-4b3b-b12b-aa747b383e5a,written.theater,available,65.99,65.99,high,low,7,namesilo,,,27/09/2026 18:44
20cef20c-9447-4e74-86f0-e64c44c2eba3,insurance.theater,available,51.95,51.95,high,medium,9,spaceship,,,29/09/2026 23:58
9f8d7d98-526a-452a-acd2-8f00533b1361,psychic.theater,available,65.99,65.99,high,low,7,namesilo,,,27/09/2026 07:57
67c3ad14-e3cf-44e3-ab3f-5e096eeae85f,docket.theater,available,65.99,65.99,high,low,6,namesilo,,,17/09/2026 17:03
8587e989-a82b-426a-833c-b980e538948f,mallard.theater,available,65.99,65.99,high,low,7,namesilo,,,19/09/2026 03:01
89e2e62e-019a-490e-b7b3-7a6005fbbec0,backwash.theater,available,65.99,65.99,medium,low,8,namesilo,,,17/09/2026 15:44
78fb315a-b19d-4224-8d48-2bc4bebbae7c,experient.theater,available,19.99,83.99,medium,low,9,name.com,,,17/08/2026 18:12
04a89c72-fa1d-4648-8382-09a8b5d7838c,date.theater,available,10.92,53.72,high,low,4,dynadot,,,29/09/2026 13:13
d794b458-7cd8-43ed-895c-ffdd46ada5b6,evitable.theater,available,19.99,83.99,medium,low,8,name.com,,,07/08/2026 22:45
8f3864b0-9393-4ece-936b-6664b477c2b5,sensitivity.theater,available,51.95,51.95,high,low,11,spaceship,,,28/09/2026 12:30
aae26249-d859-4f14-861c-699bb1dd0c05,chimerical.theater,available,19.99,83.99,medium,low,10,name.com,,,12/08/2026 05:38
ad7cac32-5214-4aa3-a14b-bd7b5a945895,psycho.theater,available,67.98,80.98,high,low,6,namecheap,,,27/09/2026 07:59
da762c7b-1fd1-41a4-a017-8755669ba838,pigs.theater,available,65.99,65.99,high,low,4,namesilo,,,25/09/2026 15:51
155be9d8-6bb5-4a8e-902c-af0a03551724,griffon.theater,available,65.99,65.99,medium,low,7,namesilo,,,23/09/2026 05:02
5c1f1dde-1a2f-4e49-888a-de9d779fd5c4,ore.theater,available,51.95,51.95,high,low,3,spaceship,,,30/09/2026 02:25
96189e52-39f5-4f51-af8e-48d49aa74344,beanfeast.theater,available,67.98,80.98,medium,low,9,namecheap,,,22/09/2026 20:29
372514a8-9cec-4be3-b81b-75d0391d516a,polymeric.theater,available,65.99,65.99,medium,low,9,namesilo,,,08/09/2026 23:25
d4f6e151-de82-4e3f-bce3-c6311a84f914,hound.theater,available,65.99,65.99,medium,low,5,namesilo,,,24/09/2026 02:24
4ee87fe3-15a2-4ebf-8c7a-337af46e92ab,defeat.theater,available,51.95,51.95,medium,low,6,spaceship,,,27/09/2026 12:58
f5aa07ac-c7f3-4dd4-91d7-9033c4f5cd8a,wanted.theater,available,65.99,65.99,high,low,6,namesilo,,,23/09/2026 14:03
0a50a2cf-07c7-4397-b5a2-ee971f0d846c,finalized.theater,available,65.99,65.99,medium,low,9,namesilo,,,17/09/2026 13:05
9c2eb8f6-5216-4215-9fd1-c9aca4a089aa,destructive.theater,available,19.99,,medium,low,11,name.com,,,
24ce367d-d20c-40ce-b5eb-c8e535016052,ovens.theater,available,65.99,65.99,medium,low,5,namesilo,,,20/09/2026 10:00
952ed195-1f66-43b2-ba47-55aa3d9dd580,penetration.theater,available,65.99,65.99,high,low,11,namesilo,,,08/09/2026 15:09
df722cce-f8cd-4df1-8e72-144a554f533f,heist.theater,available,65.99,65.99,medium,low,5,namesilo,,,20/09/2026 06:36
f0e514eb-cddc-49a3-b309-34fda5be80e5,accede.theater,available,65.99,65.99,high,low,6,namesilo,,,20/09/2026 16:11
2b751287-82df-488f-9ec6-85958470056c,inherit.theater,available,51.95,51.95,high,low,7,spaceship,,,28/09/2026 20:51
fc5bfc11-97a4-4132-95dd-5d5a95b3d0a1,peep.theater,available,65.99,65.99,high,low,4,namesilo,,,24/09/2026 14:07
2690a658-b587-46f4-84df-c9b593eb80f1,rippled.theater,available,19.99,83.99,medium,low,7,name.com,,,13/08/2026 06:53
b2a59967-66f8-4ac7-a2e5-48d0ee023e74,reactivity.theater,available,67.98,80.98,high,low,10,namecheap,,,29/09/2026 20:07
09fc472d-924c-458e-bfcf-5520f06bfbfd,tiff.theater,available,65.99,65.99,high,low,4,namesilo,,,23/09/2026 13:14
76fe3ea9-3e97-412c-879f-a23e4e412384,cumulate.theater,available,19.99,83.99,high,low,8,name.com,,,12/08/2026 21:52
38e10d69-11ca-411b-b57d-2e88034e4c97,ecru.theater,available,19.99,83.99,medium,low,4,name.com,,,09/08/2026 12:26
7ad431ab-5037-4a75-8476-b222d9de1c9c,contingent.theater,available,65.99,65.99,high,low,10,namesilo,,,23/09/2026 22:07
e73b4467-35e7-45ff-9195-5ce7d920b421,servo.theater,available,65.99,65.99,high,low,5,namesilo,,,10/09/2026 04:57
020ccd80-a9eb-4690-a479-c3996f20559e,risible.theater,available,19.99,83.99,high,low,7,name.com,,,12/08/2026 19:02
b795318f-71ae-4e32-ba53-d5038f690292,motherless.theater,available,19.99,83.99,medium,low,10,name.com,,,25/08/2026 07:02
a9fcf4cc-2868-4eb2-b03e-ceb98eb41d29,rises.theater,available,10.81,52.01,low,low,5,porkbun,,,28/09/2026 13:01
35e8344d-171e-4db3-b72e-b1bb3187a131,amplitude.theater,available,65.99,65.99,high,low,9,namesilo,,,18/09/2026 23:46
a0119c5c-0ecc-4e4b-b82d-e941188ed1cd,sucks.theater,available,65.99,65.99,medium,low,5,namesilo,,,18/09/2026 11:29
98a11458-f80d-4acf-b620-4374f006b36d,facial.theater,available,19.99,83.99,high,low,6,name.com,,,17/08/2026 20:25
758f8a39-1613-4c3f-b396-6126dc82a120,livelong.theater,available,19.99,83.99,high,low,8,name.com,,,24/08/2026 07:57
dc7f90a8-12e2-498d-b9f3-e2768293c96c,alarmingly.theater,available,65.99,65.99,low,low,10,namesilo,,,13/09/2026 18:33
ce140d4a-54ff-4555-8856-0b8e57b6c3df,rethink.theater,available,65.99,65.99,high,low,7,namesilo,,,17/09/2026 15:53
54d22635-aa01-4501-9f9e-d470bcbee523,virtuoso.theater,available,65.99,65.99,high,low,8,namesilo,,,21/09/2026 17:38
c5795124-4201-49b9-93f8-6d77201a4091,squint.theater,available,19.99,83.99,medium,low,6,name.com,,,07/08/2026 03:15
56a6ddf0-e524-44fb-9873-1023c3942036,inheritance.theater,available,51.95,51.95,high,low,11,spaceship,,,28/09/2026 12:28
89f3d73d-6c23-4b71-8d7b-4148acc75769,agronomic.theater,available,19.99,83.99,medium,low,9,name.com,,,
38e200da-6957-4b5f-bfc8-33acb1b3ff84,nucleus.theater,available,51.95,51.95,high,medium,7,spaceship,,,29/09/2026 18:17
3315afdb-4e31-47e0-8814-6a5b453cddc4,jets.theater,available,51.95,51.95,high,low,4,spaceship,,,28/09/2026 12:04
a73e0799-a9cb-44b4-aa03-1f04de98913e,otc.theater,available,65.99,65.99,high,low,3,namesilo,,,04/09/2026 18:34
8daa222b-445e-401c-862a-1ce5df662dbc,acosta.theater,available,65.99,65.99,high,low,6,namesilo,,,29/09/2026 22:34
0ae1c592-cbb9-4b5d-80ba-5c2126c07c28,getting.theater,available,51.95,51.95,high,low,7,spaceship,,,28/09/2026 17:59
2e14e895-d8fd-4d02-96af-6417e62c9913,counseled.theater,available,65.99,65.99,medium,low,9,namesilo,,,20/09/2026 16:45
ce941027-a19d-4889-8cb1-b4c8a18da561,stare.theater,available,65.99,65.99,high,low,5,namesilo,,,28/09/2026 09:52
b10558a2-7f4e-43c1-92c0-8fb3c054020c,ravioli.theater,available,67.98,80.98,high,low,7,namecheap,,,24/09/2026 12:37
23dcb2be-d8ec-4da9-ad4f-505e3d7d4831,reversive.theater,available,65.99,65.99,medium,low,9,namesilo,,,09/09/2026 16:11
c6c349f6-016f-4fc7-bd9b-48068435d398,they.theater,available,19.99,,high,low,4,name.com,,,
340cef3e-d180-40c9-a41a-9c92c56e5c78,cambria.theater,available,50.2,50.2,high,low,7,cloudflare,,,29/09/2026 18:09
4292841d-2627-44a3-8423-94ee87cc81ff,unthinking.theater,available,19.99,83.99,medium,low,10,name.com,,,24/08/2026 11:16
1cc12372-5640-47d8-8853-4606a75cae04,hunted.theater,available,19.99,83.99,high,low,6,name.com,,,21/08/2026 15:43
d9968047-655d-4829-aa29-778af5c6bad6,bavarian.theater,available,19.99,83.99,medium,low,8,name.com,,,09/08/2026 02:00
3ce7449a-29be-4766-bce6-ec80bd7ec45d,vaughn.theater,available,65.99,65.99,high,low,6,namesilo,,,27/09/2026 11:16
c6ac2f55-6209-4e6b-95a0-c9863cdf0b09,tenfold.theater,available,19.99,83.99,high,low,7,name.com,,,14/08/2026 01:44
c9ef1b09-e9b1-4186-93f7-b36e2239cab3,survived.theater,available,19.99,83.99,medium,low,8,name.com,,,19/09/2026 19:18
2077edf3-2bc5-4c0d-bfc6-3a3b58e69300,wino.theater,available,19.99,83.99,medium,low,4,name.com,,,14/08/2026 20:26
0a8d835a-fb05-4505-a60e-f5c535663935,demesne.theater,available,65.99,65.99,medium,low,7,namesilo,,,17/09/2026 02:57
bd5929f8-de87-4c65-aec0-bce18644dcb7,juridical.theater,available,19.99,83.99,medium,low,9,name.com,,,22/08/2026 14:40
d5826ad1-8318-4859-9039-ce31504c6e40,prissily.theater,available,67.98,80.98,low,low,8,namecheap,,,15/09/2026 21:29
5eac2654-b7ac-4aaa-8224-611fa59a222f,punjab.theater,available,67.98,80.98,high,low,6,namecheap,,,27/09/2026 05:06
1564513f-47c3-4f6a-add1-766a904ced2a,beaver.theater,available,65.99,65.99,high,low,6,namesilo,,,22/09/2026 22:29
15d7c8e1-1739-4d21-a2fc-d58f59dfe906,suchlike.theater,available,65.99,65.99,medium,low,8,namesilo,,,11/09/2026 01:00
1023483c-6d65-4505-ab28-d518070c78a7,cushioned.theater,available,19.99,83.99,high,low,9,name.com,,,13/08/2026 11:53
af1a0b49-16d8-4f77-8737-aec8136aa9d0,offhand.theater,available,19.99,83.99,high,low,7,name.com,,,
fdf32a88-e262-4b6b-988b-94931c5c38e9,bland.theater,available,67.98,80.98,medium,low,5,namecheap,,,22/09/2026 21:44
60442a0b-611a-45ec-a042-d3a2dc15d392,unripe.theater,available,67.98,80.98,medium,low,6,namecheap,,,12/09/2026 18:30
36ad8fab-6db6-486c-9661-002db1ee8404,homeric.theater,available,65.99,65.99,high,low,7,namesilo,,,08/09/2026 09:34
6cf6cc2b-78ab-4b9f-a0fe-6301d1b6f10d,lifeless.theater,available,19.99,83.99,medium,low,8,name.com,,,17/08/2026 15:52
b344169b-fdfe-485a-8057-8063b7e7ab9b,succeed.theater,available,19.99,,high,low,7,name.com,,,
1132a2db-8aa9-4e84-a6e4-4d9bed46473d,afrl.theater,available,65.99,65.99,medium,low,4,namesilo,,,17/09/2026 15:27
efb73a89-bd37-4aa1-adf5-0294e5e80f12,rashid.theater,available,65.99,65.99,medium,low,6,namesilo,,,28/09/2026 16:48
5a655bc3-3409-4a87-ab1e-0d709527b7ba,irons.theater,available,50.2,50.2,high,low,5,cloudflare,,,29/09/2026 07:52
66ec4123-d6f6-41a8-93e5-00ee4201b3d1,bother.theater,available,67.98,80.98,medium,low,6,namecheap,,,24/09/2026 07:29
b32f07c6-741b-4cb6-ba95-109bc4c2d125,macy.theater,available,10.92,53.72,medium,low,4,dynadot,,,28/09/2026 22:01
c64bdc85-edc6-45c4-a090-5d05e43c885c,whitaker.theater,available,67.98,80.98,high,low,8,namecheap,,,27/09/2026 20:44
8d9dba3a-f23c-4bff-8a0a-8baefbb835e3,theology.theater,available,65.99,65.99,high,low,8,namesilo,,,29/09/2026 14:03
95dd8da9-70e4-406e-acca-b617f00f2dc4,unmelted.theater,available,65.99,65.99,low,low,8,namesilo,,,12/09/2026 15:35
93c0f916-3d2c-4358-a150-3293d438198d,wastebasket.theater,available,19.99,,high,low,11,name.com,,,
a680d5be-5005-4f19-9d29-95f908d28a6e,sumter.theater,available,65.99,65.99,medium,low,6,namesilo,,,28/09/2026 12:23
9a917343-2872-47d9-9206-6470263d2359,dorm.theater,available,65.99,65.99,high,low,4,namesilo,,,24/09/2026 23:35
bbfd5d99-9f67-43d3-8865-c147df00d9c8,save.theater,available,65.99,65.99,high,low,4,namesilo,,,28/09/2026 00:11
14a8fea3-cc56-4c00-a695-af6862e3cb22,achiever.theater,available,67.98,80.98,high,low,8,namecheap,,,28/09/2026 17:48
221cb190-8ef3-4ef6-b6c2-82ce44de4f66,nihilist.theater,available,65.99,65.99,medium,low,8,namesilo,,,19/09/2026 02:26
c5ea70f8-3779-491e-b26a-6d63204fde6a,sees.theater,available,19.99,83.99,medium,low,4,name.com,,,
df943bc2-4bf9-4b42-a090-5028a413cdfc,chechen.theater,available,19.99,83.99,high,low,7,name.com,,,12/08/2026 03:34
23fe8f8e-6cd6-421d-8004-a45aac6d250d,pacify.theater,available,19.99,83.99,high,low,6,name.com,,,18/08/2026 22:00
3904a6cf-055d-4b72-9d3f-9bfed887adeb,bartholdi.theater,available,65.99,65.99,medium,low,9,namesilo,,,22/09/2026 09:11
7066387f-9f02-4dc1-b66a-ead0b9356893,applause.theater,available,67.98,80.98,high,low,8,namecheap,,,19/09/2026 20:55
db1f8f78-d94e-4a22-b6a2-9c8b05250ba7,bevan.theater,available,65.99,65.99,medium,low,5,namesilo,,,29/09/2026 21:45
465eab81-ce2b-4dab-a423-122286824ef6,dementia.theater,available,65.99,65.99,high,low,8,namesilo,,,24/09/2026 21:47
d819718e-a802-42d0-b6fc-6b99844a7520,redstart.theater,available,67.98,80.98,high,low,8,namecheap,,,18/09/2026 20:37
1dc28d14-4d0c-4e64-a475-6f1faff3fcce,consequences.theater,available,19.99,83.99,high,low,12,name.com,,,27/09/2026 08:40
d94cce04-1da0-4089-b1d5-d3b1f624188f,occurs.theater,available,67.98,80.98,medium,low,6,namecheap,,,28/09/2026 17:56
2fdf2443-079c-48ba-b758-60fa48015a29,subfusc.theater,available,19.99,83.99,medium,low,7,name.com,,,10/09/2026 23:47
7edf2032-bc8a-4a42-8e27-422c4f49029e,chicken.theater,available,67.98,80.98,high,low,7,namecheap,,,23/09/2026 14:11
8a847521-1df5-4d19-b25e-eb50ba4a3257,arrowhead.theater,available,65.99,65.99,high,low,9,namesilo,,,20/09/2026 09:30
69cf1cad-3897-4b5a-887d-b8de02a73750,bilgewater.theater,available,65.99,65.99,medium,low,10,namesilo,,,21/09/2026 23:46
9ee7e2fd-753b-4b85-b355-d30b45d89903,furled.theater,available,19.99,83.99,medium,low,6,name.com,,,18/08/2026 18:44
9d19e0fe-b80c-40ce-b7ad-d21ab0c802bc,minoan.theater,available,19.99,83.99,medium,low,6,name.com,,,24/08/2026 23:59
51fba9bc-0b37-4cae-9160-4ec3b2ff9c5a,absently.theater,available,65.99,65.99,medium,low,8,namesilo,,,13/09/2026 16:41
010abeb5-5e45-41b4-a393-61a222fd4e42,examine.theater,available,19.99,,high,low,7,name.com,,,
4e7a947c-780f-4eb8-8714-e4c99e4e509c,elkins.theater,available,10.92,53.72,medium,low,6,dynadot,,,29/09/2026 15:44
78796d41-b7aa-446e-9723-005c8ccae266,sure.theater,available,67.98,80.98,high,low,4,namecheap,,,24/09/2026 21:05
65508818-cfec-4094-a5f7-9139c700c8c1,aram.theater,available,65.99,65.99,high,low,4,namesilo,,,19/09/2026 23:55
f31e0158-bace-4552-97f8-c08ec540c697,investigate.theater,available,65.99,65.99,high,low,11,namesilo,,,26/09/2026 00:41
0450afba-c83f-4b77-aa36-52a963c27775,vice.theater,available,19.99,,high,low,4,name.com,,,
0e5b482f-51fe-4339-abc0-55a16dcbcc1e,pcp.theater,available,65.99,65.99,high,low,3,namesilo,,,19/09/2026 05:52
8cd87611-1203-41d4-b4ea-850d343be158,oldline.theater,available,65.99,65.99,medium,low,7,namesilo,,,04/09/2026 01:51
aab9bce8-6160-4228-9a90-11bc76c01119,revision.theater,available,50.2,50.2,high,low,8,cloudflare,,,29/09/2026 20:11
aa60c43e-6ff9-46d4-94ed-733a0c65dcaf,colman.theater,available,50.2,50.2,medium,low,6,cloudflare,,,29/09/2026 04:11
bb1e693d-c446-4401-a9ab-0e957ad21992,credendum.theater,available,67.98,80.98,medium,low,9,namecheap,,,20/09/2026 11:13
67c650f6-5b28-4466-b1d3-7de428ad4166,minutes.theater,available,19.99,,high,low,7,name.com,,,
160e5c82-4c01-4efd-9028-90bab369b310,bargello.theater,available,67.98,80.98,medium,low,8,namecheap,,,22/09/2026 05:48
00cfe52e-e370-4e4c-a57c-3a84edf1a4f7,speedy.theater,available,67.98,80.98,high,low,6,namecheap,,,09/09/2026 08:40
2bb6f733-db88-45a8-81d2-cd67cbbb8e2c,blustery.theater,available,19.99,83.99,medium,low,8,name.com,,,10/08/2026 16:31
36f12605-c956-44ce-921e-fa530d0fa502,fascinate.theater,available,50.2,50.2,high,low,9,cloudflare,,,29/09/2026 08:16
207e5043-6215-4e34-a5b2-f178d3cd14c0,captains.theater,available,50.2,50.2,medium,low,8,cloudflare,,,28/09/2026 23:33
8538bb45-3313-47f9-8cdc-44a2f47b9660,arlene.theater,available,65.99,65.99,high,low,6,namesilo,,,29/09/2026 22:07
b5097368-40dc-41fb-a14e-0e7ceacb6220,convolve.theater,available,19.99,83.99,medium,low,8,name.com,,,13/08/2026 00:01
3e55412d-517a-41f3-896c-6d9a572841d8,catholics.theater,available,67.98,80.98,medium,low,9,namecheap,,,19/09/2026 20:28
23e10f93-a1db-4cdd-ab2d-43a6457b0ef4,emblems.theater,available,10.81,52.01,medium,low,7,porkbun,,,28/09/2026 18:24
a90c3e00-a46c-432e-8f19-9138b2f5e35d,bankbook.theater,available,67.98,80.98,high,low,8,namecheap,,,22/09/2026 02:44
596eea62-0e79-4e89-8a5d-03130053297f,concoct.theater,available,19.99,,high,low,7,name.com,,,
f24a5f5d-0253-4b4b-9946-6762cc8993df,medicine.theater,available,51.95,51.95,high,low,8,spaceship,,,28/09/2026 15:30
4209e0f6-1b69-4f43-9cd9-d16a599566e9,prefigure.theater,available,65.99,65.99,medium,low,9,namesilo,,,21/09/2026 03:35
e148d68b-1a6c-4517-b624-0ec7a1bdb63f,pancreas.theater,available,19.99,,high,low,8,name.com,,,
79da4cc3-cfa2-4132-a6f9-f7fd05d32e0c,roles.theater,available,65.99,65.99,high,low,5,namesilo,,,28/09/2026 21:41
162b0682-b040-4ef4-b5bf-59689fe87c95,bernard.theater,available,65.99,65.99,high,low,7,namesilo,,,23/09/2026 09:46
102c767f-3c5e-4e75-be6b-cda39f58ebf3,military.theater,available,67.98,80.98,high,low,8,namecheap,,,25/09/2026 20:05
40df05e7-e4d5-4f30-bd0a-5dbb348e88bc,retailer.theater,available,50.2,50.2,high,low,8,cloudflare,,,30/09/2026 02:33
4abba44a-1ac7-4291-8c49-fd1f90115286,improving.theater,available,19.99,83.99,high,low,9,name.com,,,21/08/2026 23:17
e0c4d99d-95ef-4b8b-8503-e7f6be6bfa4d,stormy.theater,available,51.95,51.95,medium,low,6,spaceship,,,28/09/2026 01:11
503c794f-4985-4b2f-87a7-f45fb4dc6adf,venial.theater,available,19.99,83.99,medium,low,6,name.com,,,18/08/2026 12:00
935e9376-393a-404a-9f2e-247aba9a79d5,dreary.theater,available,19.99,83.99,medium,low,6,name.com,,,14/08/2026 11:47
0e38bb85-6043-4716-a959-f20dce62823d,rhodesian.theater,available,19.99,83.99,high,low,9,name.com,,,09/09/2026 16:41
8e2c3286-d9d8-4979-b5f3-773826ca2b2e,adulthood.theater,available,65.99,65.99,high,low,9,namesilo,,,17/09/2026 10:25
a20ab432-9f9e-4043-9b4f-d49ffd8d21a0,specialized.theater,available,19.99,,high,low,11,name.com,,,
6e5afd11-bd60-4d50-b75a-2be57d6e9ad4,premolar.theater,available,19.99,83.99,high,low,8,name.com,,,09/08/2026 19:46
7ad09399-5a60-464a-b0ab-f6fe5f562b2c,winkler.theater,available,51.95,51.95,high,low,7,spaceship,,,29/09/2026 03:40
32fb17c0-2bc4-4930-8b25-4a42f4b136f6,firearms.theater,available,65.99,65.99,medium,low,8,namesilo,,,28/09/2026 22:59
58afda5d-527a-4b39-ae56-3cc39a3b452f,terrifies.theater,available,65.99,65.99,low,low,9,namesilo,,,18/09/2026 07:37
e369ab5f-83f4-4dc9-a0c0-c0ca5c1b06c0,contour.theater,available,67.98,80.98,high,low,7,namecheap,,,24/09/2026 17:43
8bb0c5f6-b51f-421b-885f-fc01a0d260b8,alkalic.theater,available,19.99,83.99,medium,low,7,name.com,,,
9bfddd43-c02f-41c3-9c64-03c787696433,meager.theater,available,19.99,83.99,medium,low,6,name.com,,,24/08/2026 18:02
fa1f0499-b868-4819-ba2b-90729d6bb354,gusts.theater,available,65.99,65.99,medium,low,5,namesilo,,,20/09/2026 20:54
850b349e-6967-4289-9f49-ef5581b60632,platte.theater,available,10.81,52.01,high,low,6,porkbun,,,28/09/2026 02:56
47e3f308-3f87-4bde-be9d-49a672e1f6c9,severed.theater,available,19.99,83.99,medium,low,7,name.com,,,13/08/2026 12:32
52dddc49-7bb7-4fdb-9cb3-c0d775206902,wedged.theater,available,19.99,83.99,medium,low,6,name.com,,,21/08/2026 21:38
972563e6-ba96-4d61-a035-e374977d2527,sailed.theater,available,65.99,65.99,high,low,6,namesilo,,,17/09/2026 07:33
42788e47-b4f4-4c88-8aef-1b28a3d24749,attester.theater,available,65.99,65.99,medium,low,8,namesilo,,,21/09/2026 01:41
d5eda4e9-c659-49a8-b483-afb73b825b49,triangular.theater,available,65.99,65.99,high,low,10,namesilo,,,11/09/2026 14:30
9cbbf4ca-7410-4c99-ad38-4758b584a7df,flown.theater,available,51.95,51.95,medium,low,5,spaceship,,,28/09/2026 17:01
2bf531eb-4856-45d3-b610-60ab75ceae52,odor.theater,available,65.99,65.99,high,low,4,namesilo,,,20/09/2026 08:25
54fcf119-1ebc-4a76-8bfd-bbaff217b7ca,bikers.theater,available,65.99,65.99,high,low,6,namesilo,,,23/09/2026 15:36
a0197b90-6d0a-43e1-92f1-9d1ccb84b8b3,political.theater,available,65.99,65.99,high,low,9,namesilo,,,27/09/2026 04:28
4c125803-736c-434a-8ade-9a870ea3ce9e,megalithic.theater,available,19.99,83.99,medium,low,10,name.com,,,24/08/2026 19:24
74b17514-6295-4e32-9cbc-6b79acd7bfc2,untaped.theater,available,65.99,65.99,medium,low,7,namesilo,,,12/09/2026 10:16
9eae2243-727b-428c-bd62-f02b9ef4d84e,tease.theater,available,65.99,65.99,high,low,5,namesilo,,,11/09/2026 09:59
0edcf912-3505-413b-926d-c5c8591ec5f8,humble.theater,available,65.99,65.99,high,low,6,namesilo,,,22/09/2026 17:44
c2f4752e-c7c9-4d5d-8965-2d97cd086da1,rise.theater,available,67.98,80.98,high,medium,4,namecheap,,,22/09/2026 09:12
d5f82675-96e2-43db-afbc-194baf87e91e,stone.theater,available,67.98,80.98,high,low,5,namecheap,,,19/09/2026 11:54
a2af3482-ebaa-4bb6-80b1-4386ef4ffbab,attestor.theater,available,65.99,65.99,medium,low,8,namesilo,,,21/09/2026 01:38
cc716111-99dc-45cf-928f-15c9687427e0,expressive.theater,available,19.99,83.99,high,low,10,name.com,,,17/08/2026 18:50
5e0f1a1e-9706-45e7-9454-5b7fc7586912,wittingly.theater,available,65.99,65.99,medium,low,9,namesilo,,,15/09/2026 10:32
722999ff-6731-412e-a44d-4536e97a3202,pleasure.theater,available,19.99,,high,low,8,name.com,,,
27c8ac67-91ca-460c-8e46-98214049209b,lust.theater,available,65.99,65.99,high,low,4,namesilo,,,30/09/2026 02:38
224a40aa-45f6-487b-8710-c90fe378ef91,blowback.theater,available,65.99,65.99,medium,low,8,namesilo,,,21/09/2026 15:28
c5a373f9-b242-4f4b-9f03-cde99b254928,advocator.theater,available,19.99,83.99,medium,low,9,name.com,,,17/09/2026 11:45
6e312781-02ec-4d3a-9822-967709d3acde,extant.theater,available,19.99,83.99,medium,low,6,name.com,,,17/08/2026 18:56
91dc3d6f-3f86-45ce-a057-1ca681711d2a,observed.theater,available,65.99,65.99,high,low,8,namesilo,,,22/09/2026 09:25
7345f294-7d41-4aad-83cd-bfb82db37098,insulation.theater,available,50.2,50.2,high,low,10,cloudflare,,,30/09/2026 01:59
b0485a8c-d900-4271-ab96-d95b6c711dcd,microbar.theater,available,19.99,83.99,medium,low,8,name.com,,,22/09/2026 03:48
c5858225-07dd-4bb1-95db-22ffd39c587e,extensive.theater,available,19.99,83.99,medium,low,9,name.com,,,
5d666777-a321-4808-8adf-4e9e9921e591,faint.theater,available,19.99,83.99,high,low,5,name.com,,,17/08/2026 21:01
5c2397b5-b04f-491b-9678-88c0181aca21,mahmoud.theater,available,10.81,52.01,medium,low,7,porkbun,,,29/09/2026 04:11
3c711535-5f51-45e6-9b03-19e8cdbc9ad1,coolly.theater,available,51.95,51.95,medium,low,6,spaceship,,,28/09/2026 14:20
0460db38-a50b-4517-8b3e-7d0fcfc9d2ee,lump.theater,available,65.99,65.99,medium,low,4,namesilo,,,29/09/2026 00:25
aeb8c263-492b-4250-a27c-75cdf4b0284d,earthquakes.theater,available,65.99,65.99,medium,low,11,namesilo,,,29/09/2026 23:17
c86c9544-cbf6-4a5f-8f1f-0c38d313ca7c,geraldine.theater,available,51.95,51.95,medium,low,9,spaceship,,,28/09/2026 11:54
5a73a577-89a9-43ef-969e-f4a9500488b1,phial.theater,available,67.98,80.98,medium,low,5,namecheap,,,18/09/2026 23:47
abf27eb3-fa55-47bd-a527-a7f26bffd5c6,warrior.theater,available,65.99,65.99,high,low,7,namesilo,,,27/09/2026 05:52
dd7416d5-91c6-4ead-9034-5a7da952fe62,irritable.theater,available,67.98,80.98,high,low,9,namecheap,,,25/09/2026 11:30
ede83fe6-8a9e-4d82-955e-61a37c1f4635,appall.theater,available,19.99,83.99,medium,low,6,name.com,,,18/09/2026 01:55
08277ea3-71ca-4861-a094-91651c74cd55,assort.theater,available,65.99,65.99,high,low,6,namesilo,,,17/09/2026 14:23
c3f3cf2f-6b22-4a9c-a96f-8f7dbba0ef60,file.theater,available,67.98,80.98,high,medium,4,namecheap,,,24/09/2026 21:00
9dfa934d-be5e-4a06-b373-1de0df5b29a2,punched.theater,available,65.99,65.99,medium,low,7,namesilo,,,19/09/2026 01:53
3d1f5774-0133-4368-b6ae-21ae0aabf396,enterprises.theater,available,10.81,52.01,medium,low,11,porkbun,,,29/09/2026 11:23
351f5ea2-8d3b-46f4-8a87-fbb7462aceea,tito.theater,available,65.99,65.99,high,low,4,namesilo,,,25/09/2026 23:21
463235c9-b294-4758-9933-1638c859b11d,accountant.theater,available,65.99,65.99,high,low,10,namesilo,,,16/09/2026 23:11
b9ea45d4-d140-4746-a2c2-4cfaf0b28ea3,honoring.theater,available,51.95,51.95,high,low,8,spaceship,,,29/09/2026 13:04
67ad63fd-1edf-42c6-b571-3602f69294b8,anagrams.theater,available,65.99,65.99,high,low,8,namesilo,,,19/09/2026 01:29
90cd7f91-d6ef-4a84-8a5f-820e2e893982,heartleaf.theater,available,65.99,65.99,medium,low,9,namesilo,,,20/09/2026 12:53
d3debc13-1a22-4f92-bc69-4c33a7eb8c5f,awfully.theater,available,65.99,65.99,medium,low,7,namesilo,,,22/09/2026 15:26
0b215490-3788-42ff-a2d6-30a47e71046c,jazz.theater,available,50.2,50.2,high,low,4,cloudflare,,,29/09/2026 20:07
9de3f756-732f-4895-a097-6fc26dff93b6,fourteenth.theater,available,19.99,83.99,high,low,10,name.com,,,
08d7c091-013f-4957-8682-b9b31a260fdc,purchased.theater,available,51.95,51.95,low,low,9,spaceship,,,28/09/2026 17:30
9fcb97bb-5c83-4872-9d7e-fc90ed038e37,arguments.theater,available,67.98,80.98,medium,low,9,namecheap,,,16/09/2026 05:03
de3349f5-3a7b-4235-8b08-e7970197302f,newly.theater,available,19.99,83.99,high,low,5,name.com,,,18/08/2026 15:17
a07fc50d-93fd-4873-8302-3ab3e58c2bd5,amputation.theater,available,65.99,65.99,high,low,10,namesilo,,,18/09/2026 23:52
73e49e61-78cf-4e69-bad3-71bc4fee75a5,doubled.theater,available,19.99,83.99,high,low,7,name.com,,,14/08/2026 16:55
bf12a090-e7be-4aaf-9ea7-c89785f196bd,stranded.theater,available,65.99,65.99,high,low,8,namesilo,,,25/09/2026 17:00
29afa0df-4fbb-402b-ba73-ec90954304e4,penthouse.theater,available,51.95,51.95,high,low,9,spaceship,,,29/09/2026 07:51
6b5edbfe-2241-4d34-b3a7-6e29e3379e14,jillion.theater,available,67.98,80.98,medium,low,7,namecheap,,,11/09/2026 19:52
24025050-4464-4bb0-a6aa-d09747effc5b,weasel.theater,available,10.81,52.01,high,low,6,porkbun,,,29/09/2026 08:19
d1a1ed52-dc5f-47e0-b8c1-571fc9abeebe,abrocome.theater,available,65.99,65.99,medium,low,8,namesilo,,,16/09/2026 17:14
be5f8d6e-553d-48f3-aeb7-11ddfbd69b5a,intoxicated.theater,available,65.99,65.99,medium,low,11,namesilo,,,30/09/2026 03:42
086de256-7130-43ca-9c5c-34b1c4e66a0f,countable.theater,available,19.99,83.99,high,low,9,name.com,,,13/08/2026 03:28
9d6ecd31-8f13-468a-8b3d-9a7cab9830b2,monsieur.theater,available,10.92,53.72,high,low,8,dynadot,,,29/09/2026 13:30
2286d674-d630-4526-bc05-737fc1ed8bd4,honesty.theater,available,51.95,51.95,high,low,7,spaceship,,,28/09/2026 06:00
721b9ca1-03bb-4c8b-9276-f9397a2cbede,multiplex.theater,available,19.99,83.99,high,low,9,name.com,,,24/08/2026 15:08
3adc7542-bd3a-414f-9fd9-27eca5db65e1,unafraid.theater,available,65.99,65.99,high,low,8,namesilo,,,10/09/2026 01:28
081c40af-2c78-4fe8-b7cd-1547d81e087f,dirac.theater,available,65.99,65.99,medium,low,5,namesilo,,,29/09/2026 18:39
efff1d53-7413-47d4-a0df-e4965863bf70,mutilated.theater,available,19.99,83.99,medium,low,9,name.com,,,24/08/2026 13:22
ed7f5102-489a-4096-9581-ee9ba15e8802,scrunch.theater,available,19.99,83.99,medium,low,7,name.com,,,13/08/2026 07:18
8157c50e-2960-47e4-9e5e-04331b17ce9f,upraised.theater,available,19.99,83.99,medium,low,8,name.com,,,23/08/2026 01:53
8f447492-6b48-4f36-9a0e-c1c15cfea69b,aim.theater,available,65.99,65.99,high,medium,3,namesilo,,,25/09/2026 10:01
7ba10510-6859-4774-a791-1b58e01f63f5,algiers.theater,available,65.99,65.99,medium,low,7,namesilo,,,18/09/2026 06:59
e164d4cf-0baa-46bd-b7f4-dacbe95ae9ca,depleted.theater,available,19.99,83.99,medium,low,8,name.com,,,14/08/2026 02:23
58f86dfe-3241-484b-a830-4ad638db8c0c,dubstep.theater,available,19.99,,high,low,7,name.com,,,
4ff085b8-3b34-42be-8271-7adc72796a4c,cloven.theater,available,19.99,83.99,medium,low,6,name.com,,,10/08/2026 06:51
e94da665-abf4-4147-b3ed-06d052d76649,capri.theater,available,50.2,50.2,high,low,5,cloudflare,,,30/09/2026 00:57
14b8263c-33c6-4453-9720-d00cb3921ce3,healing.theater,available,19.99,83.99,high,low,7,name.com,,,24/09/2026 23:36
d03511c6-b1ba-47b1-a9d9-b050a959262b,frugally.theater,available,67.98,80.98,medium,low,8,namecheap,,,14/09/2026 20:25
add45d5f-ad9c-4d06-a89c-eb6877aea67b,greenway.theater,available,51.95,51.95,medium,low,8,spaceship,,,29/09/2026 10:16
e348304d-9f5c-4332-8e9e-2f692df694d2,haircut.theater,available,51.95,51.95,high,low,7,spaceship,,,29/09/2026 21:56
613d769e-f76a-4d5c-a5eb-c6974b1263d1,lemony.theater,available,19.99,83.99,high,low,6,name.com,,,22/08/2026 23:24
b3f78e8a-5945-4c2f-8d40-0a7d2176bf1f,ventilators.theater,available,65.99,65.99,medium,low,11,namesilo,,,18/09/2026 23:26
2eefff18-7d53-48fa-9273-798cec26271a,properly.theater,available,19.99,83.99,high,low,8,name.com,,,13/08/2026 21:12
02b71cbc-1cd4-48ab-8af1-a930ecd1fe8f,outbred.theater,available,67.98,80.98,medium,low,7,namecheap,,,04/09/2026 19:03
be797c36-67f3-445d-8b20-c30c25e2ecec,boundary.theater,available,65.99,65.99,high,low,8,namesilo,,,23/09/2026 01:32
d7d686eb-67a0-4231-92eb-d2d100c2954c,powerplant.theater,available,65.99,65.99,high,low,10,namesilo,,,29/09/2026 08:38
362744c2-63ba-4673-a09e-79605a6597a2,adelaide.theater,available,67.98,80.98,high,low,8,namecheap,,,17/09/2026 07:13
0b43d263-7cb4-43ac-9b43-5dc6a9115385,auspices.theater,available,65.99,65.99,high,low,8,namesilo,,,17/09/2026 12:16
d58ceb92-fa6e-44a1-891a-65d0a6638502,interbrain.theater,available,65.99,65.99,medium,low,10,namesilo,,,23/09/2026 11:55
cf2b53c3-4911-4ad7-84b3-1d517e922491,ectopic.theater,available,19.99,83.99,medium,low,7,name.com,,,14/08/2026 23:57
d5fbda0c-6793-4708-8e46-c4aec4d00308,merge.theater,available,10.92,53.72,high,low,5,dynadot,,,29/09/2026 01:02
01050a7f-b4bb-46aa-b8eb-8d7038f992ac,plumbing.theater,available,67.98,80.98,high,low,8,namecheap,,,22/09/2026 13:57
383e3a01-90b4-4fd5-b2a3-6fe82a7b5fa1,luxurious.theater,available,19.99,83.99,high,low,9,name.com,,,14/08/2026 00:57
7ecca0d7-2b07-48ed-b625-679549e2b2ce,chanting.theater,available,51.95,51.95,high,low,8,spaceship,,,28/09/2026 18:40
f3ec8602-963f-4909-8154-7751dd14d6ef,noticed.theater,available,67.98,80.98,high,low,7,namecheap,,,25/09/2026 23:16
794a3bd3-9f20-4c68-9ab8-b8ff0c498934,silverware.theater,available,51.95,51.95,high,low,10,spaceship,,,30/09/2026 02:53
69cc7006-cbcc-43ab-9d52-74fb75f11d95,cinnabar.theater,available,19.99,83.99,high,low,8,name.com,,,12/08/2026 05:49
2e5892ef-6662-4192-92fe-a12dab2a735d,maude.theater,available,65.99,65.99,medium,low,5,namesilo,,,28/09/2026 12:05
c5d9e58d-6d93-4909-afe9-3b74270051b8,retarded.theater,available,51.95,51.95,medium,low,8,spaceship,,,27/09/2026 13:11
2fcf5e0c-b6f5-440d-aced-b07d428fa394,devise.theater,available,51.95,51.95,high,low,6,spaceship,,,29/09/2026 14:42
a78abeea-d035-48f2-9a69-267a8a2fd0dd,cynthia.theater,available,65.99,65.99,high,low,7,namesilo,,,20/09/2026 10:13
dde5cf83-d2a2-4e74-b3a5-af70a188a509,genetically.theater,available,50.2,50.2,medium,low,11,cloudflare,,,28/09/2026 21:22
8d63be90-99c8-49c0-a6cb-e6d42bb1ea6a,fugal.theater,available,19.99,83.99,medium,low,5,name.com,,,18/08/2026 17:38
b251da6f-abfb-4ee1-94f5-b8578aafe454,flakey.theater,available,19.99,83.99,medium,low,6,name.com,,,10/08/2026 10:22
de30fcf2-d708-43b2-8c88-3e869d3ca04d,evacuate.theater,available,19.99,,high,low,8,name.com,,,
64cac366-dfa7-498f-9d66-742b44d94c43,duty.theater,available,65.99,65.99,high,low,4,namesilo,,,29/09/2026 17:13
fec03b6e-76ff-4a72-9223-9683d0b04867,preferences.theater,available,19.99,83.99,high,low,11,name.com,,,
abba5cf5-a707-4fc6-b233-bfde169964c3,unworthy.theater,available,19.99,83.99,medium,low,8,name.com,,,14/08/2026 04:05
abc71ac0-2b0b-4188-9d6b-9211d3f79f07,horseshoe.theater,available,67.98,80.98,high,low,9,namecheap,,,29/09/2026 19:10
9ad48244-ff0f-4239-a399-93c157a828b2,fuscous.theater,available,19.99,83.99,medium,low,7,name.com,,,18/08/2026 19:02
357fb774-cf85-4d76-ae06-65cc535ac3e1,transparent.theater,available,19.99,,high,low,11,name.com,,,
2b843197-9cfc-4300-86c7-bd253c28b737,hathaway.theater,available,65.99,65.99,high,low,8,namesilo,,,19/09/2026 10:18
b27f3e44-1b46-4edc-8509-39a519311b0f,uncolored.theater,available,19.99,83.99,medium,low,9,name.com,,,12/09/2026 02:06
e0a21b06-bad6-468a-a53c-d579adf54754,solvable.theater,available,50.2,50.2,high,low,8,cloudflare,,,27/09/2026 12:17
c6490880-2266-4694-bdd8-fee2cff9e979,mystique.theater,available,65.99,65.99,high,low,8,namesilo,,,29/09/2026 19:44
e1be48cc-6114-40af-82d3-4586708c0b50,grossly.theater,available,65.99,65.99,medium,low,7,namesilo,,,14/09/2026 22:29
0bbd7826-205b-47a3-9417-034a8fced4ce,convince.theater,available,19.99,,high,low,8,name.com,,,
82e5d65f-f005-4cfc-87be-d3581f56c67c,melt.theater,available,67.98,80.98,high,low,4,namecheap,,,25/09/2026 19:16
9a209d56-6c6f-4f2e-a09d-e0fceeb5659d,backstroke.theater,available,67.98,80.98,high,low,10,namecheap,,,21/09/2026 16:09
224d72f5-f452-4f3b-9540-878286874bcb,roland.theater,available,10.81,52.01,high,low,6,porkbun,,,28/09/2026 07:46
d22d077b-25ca-48ea-88a2-3e6b3032bb90,callable.theater,available,19.99,83.99,medium,low,8,name.com,,,11/08/2026 14:26
e5f44942-8c83-46f3-a086-ad99330c50a9,colorise.theater,available,19.99,83.99,high,low,8,name.com,,,12/08/2026 17:36
cc7df79e-2aa3-4de7-95a2-b6116679149f,thirties.theater,available,65.99,65.99,high,low,8,namesilo,,,16/09/2026 12:05
c8f5bed1-f057-4013-8065-819c7dcd74b4,thankfully.theater,available,19.99,83.99,high,low,10,name.com,,,16/09/2026 08:28
8b17fb49-aae5-4f4a-b1d6-c2378f3d8518,concentrated.theater,available,19.99,,high,low,12,name.com,,,
e5cf1044-7a3f-41a5-a97d-a0e3cfda6feb,downfall.theater,available,65.99,65.99,medium,low,8,namesilo,,,24/09/2026 23:39
35a6b960-d8d2-48d7-a1cb-d7326f001917,karlsruhe.theater,available,50.2,50.2,medium,low,9,cloudflare,,,28/09/2026 12:19
b787efde-2c21-4d92-999f-f7b20ead6732,darned.theater,available,19.99,83.99,medium,low,6,name.com,,,10/08/2026 12:41
8cff10ff-23c8-4d39-b48a-383a926ce149,glial.theater,available,19.99,83.99,medium,low,5,name.com,,,20/08/2026 14:24
b4d14e16-abf0-413f-9bd4-bbb23412a541,songbird.theater,available,19.99,,high,low,8,name.com,,,
2d330c95-ec72-4961-b67a-9b740fba158d,restaurant.theater,available,65.99,65.99,high,low,10,namesilo,,,29/09/2026 08:14
d796ca63-c18a-40c0-aa70-2ef509e915b7,pregnant.theater,available,19.99,83.99,high,low,8,name.com,,,25/09/2026 18:23
fc9dbb2b-6c59-40fa-8d95-33fd4b832ce8,bartok.theater,available,67.98,80.98,medium,low,6,namecheap,,,22/09/2026 09:23
a5ef92b9-f4a5-4b82-9cfd-c193f58be380,ellison.theater,available,65.99,65.99,high,low,7,namesilo,,,27/09/2026 03:49
4d1bd96b-a7ff-4686-a2b7-6e58f6df016a,vertically.theater,available,65.99,65.99,medium,low,10,namesilo,,,16/09/2026 10:53
b6986c15-7794-4692-8b29-51eb393c584e,incredible.theater,available,65.99,65.99,high,low,10,namesilo,,,25/09/2026 09:04
e73cd846-3a29-47ff-80b5-cc95b1534080,aesthetics.theater,available,65.99,65.99,high,low,10,namesilo,,,17/09/2026 13:37
579a218c-be08-41f0-b6b3-82069fc772ee,trier.theater,available,65.99,65.99,high,low,5,namesilo,,,21/09/2026 01:21
342490ef-04a9-4895-9a6f-4c892fdc3c71,regulator.theater,available,50.2,50.2,high,low,9,cloudflare,,,29/09/2026 20:08
6d7ecb7b-cb01-45fd-99b2-382f1d7cc665,forsake.theater,available,19.99,83.99,medium,low,7,name.com,,,14/08/2026 03:54
6a801844-5f78-467a-b2b9-c768964bed9b,lunisolar.theater,available,19.99,83.99,medium,low,9,name.com,,,24/08/2026 11:31
6373b019-d812-4e8b-9670-839bd31af3eb,holidays.theater,available,67.98,80.98,high,low,8,namecheap,,,20/09/2026 04:47
2045826c-5f2a-40de-9267-5582445588d0,adiabatic.theater,available,19.99,83.99,medium,low,9,name.com,,,
de5ad7bf-aa51-4f92-b738-57e6bf6321f3,librarian.theater,available,65.99,65.99,high,low,9,namesilo,,,23/09/2026 12:54
08b7fb55-5273-4e5d-93fc-eb84374f660f,voice.theater,available,67.98,80.98,high,medium,5,namecheap,,,25/09/2026 09:57
f45b276b-a7be-45a0-8e5e-f0cbb93adf43,keys.theater,available,19.99,,high,medium,4,name.com,,,
02a77ad5-4225-48b3-a0f7-0fe5fedcf149,run.theater,available,67.98,80.98,high,medium,3,namecheap,,,19/09/2026 07:07
77ca7bb0-2b86-4762-8b25-76578c43a706,unpopular.theater,available,65.99,65.99,medium,low,9,namesilo,,,12/09/2026 17:11
1e7511cf-6454-4989-bb0b-df60ee2df340,sweatshop.theater,available,19.99,,medium,low,10,name.com,,,
4780e01f-e3f7-4c06-b3af-c8077b62eb14,trojan.theater,available,67.98,80.98,high,low,6,namecheap,,,11/09/2026 20:17
d28436fa-de00-4eca-97aa-7d6238e0ceda,becky.theater,available,65.99,65.99,high,low,5,namesilo,,,28/09/2026 00:14
9418ad34-d760-4a65-b74a-fb4d2d299565,alcaeus.theater,available,65.99,65.99,medium,low,7,namesilo,,,18/09/2026 03:40
e786eaea-1ee8-4e51-a0f5-b974f6be286a,aurora.theater,available,65.99,65.99,high,medium,6,namesilo,,,11/09/2026 02:04
3f0064ff-f0eb-491f-ac41-a0bc1c35fe6b,coffeeman.theater,available,19.99,,high,low,9,name.com,,,
1aa7b044-65c6-4795-829e-e321b3a9fb40,equatorial.theater,available,19.99,83.99,high,low,10,name.com,,,17/08/2026 11:40
fe39b202-9baa-47c8-8c0d-0fdcdacb1466,fatefully.theater,available,67.98,80.98,medium,low,9,namecheap,,,14/09/2026 17:53
a08179a5-84d6-4ced-8e9a-f20e2081ba54,flowing.theater,available,19.99,83.99,high,low,7,name.com,,,18/08/2026 09:11
6a2d9902-2168-422e-acf0-ec5c2673b826,salary.theater,available,19.99,,high,low,6,name.com,,,
166fe5fd-24d9-4800-bfee-5c865e960f8a,antares.theater,available,65.99,65.99,high,low,7,namesilo,,,19/09/2026 12:34
49c6f2d6-ae82-4ebd-9824-2a36263ff85c,items.theater,available,65.99,65.99,medium,low,5,namesilo,,,28/09/2026 04:15
b23eec74-e54b-40c4-ab57-82e59cbf78e3,enmeshed.theater,available,19.99,83.99,medium,low,8,name.com,,,17/08/2026 09:39
3db1561b-db8e-403e-8a93-5ab9838158bb,unsettled.theater,available,67.98,80.98,medium,low,9,namecheap,,,12/09/2026 19:22
f8be1bd0-656c-4eed-84d9-75ec52462c8c,brawl.theater,available,65.99,65.99,high,low,5,namesilo,,,29/09/2026 11:45
02f63c75-fc6a-40e1-95e4-6c02f97143b3,romanians.theater,available,10.92,53.72,medium,low,9,dynadot,,,30/09/2026 00:08
dafe81c2-4dd6-42ff-bc8e-997766a842e8,permanently.theater,available,65.99,65.99,high,low,11,namesilo,,,28/09/2026 07:19
df0a6211-3415-4698-8280-0b0b7ddb1af7,des.theater,available,65.99,65.99,high,low,3,namesilo,,,29/09/2026 14:04
c1059511-0c95-4ba7-b40d-afa29defaa5a,banteng.theater,available,65.99,65.99,medium,low,7,namesilo,,,22/09/2026 03:14
5d85e936-de81-4391-abf4-9529d2119948,waits.theater,available,65.99,65.99,medium,low,5,namesilo,,,28/09/2026 11:43
75ac503b-b3bc-4758-8506-4d2d9a88d261,powered.theater,available,65.99,65.99,high,low,7,namesilo,,,27/09/2026 04:51
daea019c-db72-4627-a3e2-6b5458608e0c,fraction.theater,available,10.92,53.72,high,low,8,dynadot,,,29/09/2026 07:00
fd356b53-b134-40a2-a60f-c8e97538eada,hotfoot.theater,available,67.98,80.98,high,low,7,namecheap,,,09/09/2026 19:44
1668ac18-33b6-41c6-a52d-44461bc3c844,hearty.theater,available,19.99,83.99,high,low,6,name.com,,,21/08/2026 02:13
737d51cb-6274-4dc2-8ac0-160a753de181,ararat.theater,available,65.99,65.99,medium,low,6,namesilo,,,20/09/2026 00:11
987cbab4-e3ea-4da5-a6bb-400db2e3ea07,intensify.theater,available,19.99,83.99,high,low,9,name.com,,,12/08/2026 19:29
3b9573dc-c3ab-433f-b022-bc755edd67a0,intuitive.theater,available,65.99,65.99,high,low,9,namesilo,,,28/09/2026 06:01
3a2e3430-2006-4e27-8786-1996ac845b17,sentiments.theater,available,65.99,65.99,medium,low,10,namesilo,,,17/09/2026 07:39
0556aa19-5a23-4066-b3cb-18bfe08e46c2,ternion.theater,available,19.99,83.99,medium,low,7,name.com,,,
b742462a-73a3-470d-81a9-72535b910307,togged.theater,available,65.99,65.99,medium,low,6,namesilo,,,11/09/2026 16:44
61300375-c05f-4d0a-9caa-3fbdb0a0d3d7,leuven.theater,available,65.99,65.99,medium,low,6,namesilo,,,29/09/2026 15:09
3048212e-c963-4344-b90b-c9f0ddb4d503,therapeutic.theater,available,50.2,50.2,high,low,11,cloudflare,,,29/09/2026 14:26
ca425b75-b664-4efe-8be6-2effa5bd5937,starters.theater,available,51.95,51.95,medium,low,8,spaceship,,,29/09/2026 05:59
67fc9496-39f8-437b-b984-f76c8de22178,ambrose.theater,available,65.99,65.99,high,low,7,namesilo,,,18/09/2026 17:22
2543aca2-c099-4f6b-9350-0fea2740d06c,wedge.theater,available,51.95,51.95,high,low,5,spaceship,,,28/09/2026 13:53
c246161d-da98-4dce-a98b-f2e8f783b6b7,uncover.theater,available,19.99,,high,low,7,name.com,,,
d027c196-586a-4592-98a6-6bef38fac6fc,sunbeam.theater,available,19.99,,high,low,7,name.com,,,
bcba1db8-9944-4e80-810b-dd3f61de8c1b,rollicking.theater,available,19.99,83.99,medium,low,10,name.com,,,12/08/2026 18:08
912bfa90-0bb0-49a2-9815-04fea9f08dc5,notified.theater,available,65.99,65.99,medium,low,8,namesilo,,,28/09/2026 05:08
30f0eb9b-b589-479e-a2e0-73d66e9d93bc,ages.theater,available,19.99,,medium,low,4,name.com,,,
6a43ba84-0964-4a5c-b6eb-6672270f30f8,anterior.theater,available,19.99,83.99,high,low,8,name.com,,,
d835def4-3206-42f5-ba36-3f0de535300c,dickhead.theater,available,19.99,83.99,medium,low,8,name.com,,,08/08/2026 23:34
da0b782b-b0a1-435f-8a89-0bb266f4a908,brand.theater,available,65.99,65.99,high,medium,5,namesilo,,,28/09/2026 09:07
60e78882-d211-40a8-a52b-97200e8386cb,webmasters.theater,available,65.99,65.99,medium,low,10,namesilo,,,18/09/2026 23:06
f1c07822-5cd9-47b8-b982-04dcebecce0c,receptive.theater,available,65.99,65.99,high,low,9,namesilo,,,09/09/2026 11:23
43ad307a-170c-43f3-b086-186d701cc832,perdurable.theater,available,65.99,65.99,medium,low,10,namesilo,,,08/09/2026 16:24
42d690c6-2072-4322-9d40-7d5df2d8825f,clothed.theater,available,19.99,83.99,high,low,7,name.com,,,12/08/2026 09:12
d01e76d0-daab-4271-ae52-2b5e51bcf119,godless.theater,available,19.99,83.99,medium,low,7,name.com,,,20/08/2026 16:02
c2009805-5d16-497a-bb9d-b646f95b0faa,abies.theater,available,65.99,65.99,high,low,5,namesilo,,,16/09/2026 15:38
1798d1b2-8930-4c8d-99c5-92b632a209c1,wider.theater,available,50.2,50.2,medium,low,5,cloudflare,,,29/09/2026 04:55
eb4feabe-99c1-420d-9266-ec2679e00006,chthonian.theater,available,19.99,83.99,medium,low,9,name.com,,,12/08/2026 07:26
0df3e8fd-aabd-4c5d-aa68-9c3da1d50b6d,approve.theater,available,65.99,65.99,high,low,7,namesilo,,,03/09/2026 23:23
f4467a25-3e2e-4e47-8a93-0261d159e896,sensational.theater,available,19.99,,high,low,11,name.com,,,
2d5a29fc-43a5-43e8-822c-fec7b3505eb4,unchecked.theater,available,65.99,65.99,medium,low,9,namesilo,,,12/09/2026 04:32
1745d5d0-71d6-4b65-8b17-2a59a175f6db,rot.theater,available,67.98,80.98,high,low,3,namecheap,,,28/09/2026 05:21
a6fef4a5-853e-4ca1-8a13-664fb8b929aa,depicted.theater,available,19.99,83.99,medium,low,8,name.com,,,14/08/2026 02:12
f7afccb6-0408-4bd3-84de-32d6a76ed028,ridiculous.theater,available,65.99,65.99,high,low,10,namesilo,,,24/09/2026 06:27
f4ea2232-cb1f-4190-87c0-164e7d63093c,suck.theater,available,10.92,53.72,high,low,4,dynadot,,,30/09/2026 01:54
12bcf4c8-a270-4daa-83a8-e2db72f11926,banshee.theater,available,65.99,65.99,high,low,7,namesilo,,,22/09/2026 03:09
3cd5fc05-d2cf-428c-b510-f6afd8cfad63,alternate.theater,available,67.98,80.98,high,low,9,namecheap,,,22/09/2026 02:29
77d8714f-4b51-453f-a0ce-ea29a2d532de,blackheart.theater,available,65.99,65.99,medium,low,10,namesilo,,,24/09/2026 02:49
27905e56-0a83-4e4d-a6bc-1ace2aeeb2ad,dragging.theater,available,19.99,83.99,high,low,8,name.com,,,14/08/2026 18:16
6ef00f69-dea2-4d9d-b107-03541f8b324b,aerobic.theater,available,67.98,80.98,high,low,7,namecheap,,,21/09/2026 21:01
afa4f3f1-c4f8-4bc8-8af2-8b4cbe844f88,flavorful.theater,available,19.99,83.99,high,low,9,name.com,,,18/08/2026 07:04
0915d1a1-ddfe-4c98-b782-e5a70b63ed25,constitution.theater,available,65.99,65.99,high,low,12,namesilo,,,27/09/2026 16:44
f68f067b-9bb8-48e4-858d-b23c8f22ba86,within.theater,available,50.2,50.2,high,low,6,cloudflare,,,28/09/2026 16:47
b3cb435e-96c0-4a21-a58f-588cc87cee7e,snipefish.theater,available,65.99,65.99,medium,low,9,namesilo,,,23/09/2026 06:28
693b77ba-1cb2-4d4e-bb7d-7f7d056f6c6e,abetter.theater,available,65.99,65.99,medium,low,7,namesilo,,,16/09/2026 15:19
b419c655-6ad3-43ab-9442-1a4e847495c8,scant.theater,available,65.99,65.99,medium,low,5,namesilo,,,09/09/2026 22:36
4f2a003b-28e7-4406-8b67-c7755bad314a,meg.theater,available,19.99,83.99,high,low,3,name.com,,,24/08/2026 23:20
91d41831-2003-4351-acbb-a865b7eb9db7,internal.theater,available,65.99,65.99,high,low,8,namesilo,,,25/09/2026 09:40
dc0a4194-c76d-476a-a894-29b374287cfc,rebuilding.theater,available,67.98,80.98,high,low,10,namecheap,,,29/09/2026 20:09
535e7b2b-27d6-4c94-b83f-2483d0990d78,west.theater,available,51.95,51.95,high,low,4,spaceship,,,28/09/2026 10:23
87dc990c-7b3c-492e-acab-aac71185f666,towne.theater,available,65.99,65.99,medium,low,5,namesilo,,,29/09/2026 09:05
0cbd9ce1-b792-4def-8d2e-bf8ca66caa93,minds.theater,available,67.98,80.98,high,low,5,namecheap,,,25/09/2026 20:20
5e9db55d-6237-446b-b036-409fe5fd84b1,touchable.theater,available,65.99,65.99,high,low,9,namesilo,,,11/09/2026 07:57
9e527352-bcc4-44f5-be98-d1ba9826cb8e,arminius.theater,available,67.98,80.98,medium,low,8,namecheap,,,20/09/2026 07:08
5e1e8a77-3aa7-4573-b839-dcd5d5cf8768,clack.theater,available,65.99,65.99,medium,low,5,namesilo,,,23/09/2026 23:30
4451e4e6-1983-44ab-8d86-c84cd9eed74c,phosphorus.theater,available,65.99,65.99,medium,low,10,namesilo,,,20/09/2026 22:25
42e512a5-c8d1-43a0-8bd4-b8325b8b07a3,worldly.theater,available,19.99,83.99,high,low,7,name.com,,,10/08/2026 13:20
2c548e70-6e0b-4bdb-91ca-9e605cf4eb35,vigilance.theater,available,65.99,65.99,high,low,9,namesilo,,,18/09/2026 05:28
591310b3-246a-49a3-9b05-a892af1ed1bb,wraps.theater,available,65.99,65.99,medium,low,5,namesilo,,,20/09/2026 11:16
9f6b3b42-86a3-4d6d-b311-37130c33f5db,play.theater,resell,,,high,medium,4,"Global Domains International, Inc. DBA DomainCostClub.com",17/12/2025 15:15,17/12/2026 15:15,29/09/2026 16:42
f9bc26d1-e94e-480e-aebf-1d44f5c40a88,unpleasant.theater,available,65.99,65.99,medium,low,10,namesilo,,,12/09/2026 16:58
ae0fd612-2b89-48c7-9baa-1d698c2d080b,compel.theater,available,65.99,65.99,high,low,6,namesilo,,,03/09/2026 23:39
4ee0bc3c-c517-4177-a1a3-611200348060,pellucid.theater,available,19.99,83.99,high,low,8,name.com,,,13/08/2026 09:44
14ec7db0-f086-4e56-8a00-98bf751aff38,mei.theater,available,67.98,80.98,high,low,3,namecheap,,,28/09/2026 10:10
df74e567-01a7-40cc-bfba-edc411fe8c14,profitable.theater,available,65.99,65.99,high,low,10,namesilo,,,27/09/2026 07:05
c46ccd7f-2283-44cf-aace-a0c0be072179,membership.theater,available,65.99,65.99,high,low,10,namesilo,,,28/09/2026 06:23
f97f6bb4-436d-495f-b4a9-bdd6262e0088,cathedra.theater,available,65.99,65.99,medium,low,8,namesilo,,,23/09/2026 21:50
83eab530-07ca-4c98-8ab2-2a4064029171,phones.theater,available,67.98,80.98,high,low,6,namecheap,,,20/09/2026 09:31
8f435089-3a19-4410-810e-af83ae953ce7,pellagra.theater,available,65.99,65.99,medium,low,8,namesilo,,,18/09/2026 13:55
ed860295-3681-4c56-a57c-45915daadc0f,footless.theater,available,19.99,83.99,medium,low,8,name.com,,,18/08/2026 10:45
b5429ea9-6e00-4c09-9c92-6bedba7250a2,reverend.theater,available,65.99,65.99,high,low,8,namesilo,,,09/09/2026 16:06
995f18bd-cc32-4950-a4e2-16e9c4056357,permutation.theater,available,19.99,,high,low,11,name.com,,,
f88dc609-c319-4fb3-bf01-cf3e71c85cee,reputable.theater,available,65.99,65.99,high,low,9,namesilo,,,09/09/2026 14:45
29bda9f5-167e-4494-9e20-4546b9982037,retaliator.theater,available,65.99,65.99,medium,low,10,namesilo,,,21/09/2026 08:57
75b0e9d2-aa66-442c-b244-6a64d317ef75,frightening.theater,available,67.98,80.98,medium,low,11,namecheap,,,28/09/2026 11:19
9a7178a6-9407-4177-a00e-41e476ab8767,fortress.theater,available,65.99,65.99,high,low,8,namesilo,,,28/09/2026 05:46
3ea3bbd7-60f7-4b66-891a-cd9611b43f7f,eid.theater,available,19.99,,high,low,3,name.com,,,
e447a9b1-5fa1-46bf-83a6-e14637e7c3c8,possibly.theater,available,65.99,65.99,medium,low,8,namesilo,,,28/09/2026 16:14
984c960f-f07a-4f79-99ed-0c6017073a83,endured.theater,available,67.98,80.98,medium,low,7,namecheap,,,29/09/2026 23:57
781a750c-bebc-48f5-a66f-603c482b16fc,obedient.theater,available,19.99,83.99,high,low,8,name.com,,,03/09/2026 23:30
b976fd01-1d79-40e9-a5ff-7e335ce5b7b0,bode.theater,available,65.99,65.99,high,low,4,namesilo,,,21/09/2026 03:28
e18afa46-de43-4aff-b13a-beea464b8c6b,impeccable.theater,available,19.99,83.99,high,low,10,name.com,,,18/08/2026 00:09
ac81a5f4-80fc-4c06-ae90-181fef4073db,lie.theater,available,51.95,51.95,high,low,3,spaceship,,,30/09/2026 02:51
22c06402-8951-4ffc-b936-b3a04a9ce43f,usable.theater,available,65.99,65.99,high,low,6,namesilo,,,12/09/2026 23:59
6b0e4606-c38d-4600-bbc2-87218fbc37b2,charily.theater,available,65.99,65.99,medium,low,7,namesilo,,,14/09/2026 06:17
0ff09647-21f5-4bcc-a0a2-d9123852a526,athyrium.theater,available,67.98,80.98,medium,low,8,namecheap,,,20/09/2026 21:22
941c2c99-591b-4246-b2a1-0172221e135a,attendant.theater,available,67.98,80.98,high,low,9,namecheap,,,21/09/2026 15:40
45aaffb0-1d29-4078-999d-c38378111386,anticipation.theater,available,51.95,51.95,high,low,12,spaceship,,,28/09/2026 22:53
4c0aa845-30a3-493a-9912-52e505eeaf82,kurosawa.theater,available,65.99,65.99,medium,low,8,namesilo,,,18/09/2026 00:08
b187351d-8701-4bbe-9fd0-045a4cd8ecfe,indate.theater,available,19.99,,medium,low,7,name.com,,,
bdb5c9c6-d7b1-4418-bc5e-38630c590868,maria.theater,available,65.99,65.99,high,low,5,namesilo,,,24/09/2026 11:49
d1573d2f-7d9e-4214-8996-dca14bdcd0dc,antagonist.theater,available,65.99,65.99,high,low,10,namesilo,,,17/09/2026 10:48
dfd446f7-f480-47cd-ad99-2b20ca1072a4,amusingly.theater,available,65.99,65.99,high,low,9,namesilo,,,13/09/2026 19:40
071d6aff-618f-490c-8a7f-1c27d2b755ec,springlike.theater,available,65.99,65.99,medium,low,10,namesilo,,,10/09/2026 16:53
f0a03ca7-faa3-4da3-90cf-004b25cb3d92,inquisitive.theater,available,19.99,,high,low,11,name.com,,,
81d2455b-000e-4bc1-8f6d-99cc8f9b31a9,optionally.theater,available,65.99,65.99,medium,low,10,namesilo,,,28/09/2026 16:29
beffa6e6-6995-47c6-8ce4-e6119a63f429,caisson.theater,available,65.99,65.99,medium,low,7,namesilo,,,18/09/2026 22:17
7c2c9718-f345-47e4-adad-3f87e5bd5500,glaswegian.theater,available,19.99,83.99,high,low,10,name.com,,,20/08/2026 14:14
0671dc4a-ab0e-4671-8afb-6c5d6976fe71,nett.theater,available,65.99,65.99,medium,low,4,namesilo,,,03/09/2026 15:52
311dd93e-b0f3-45ce-b12d-9fb2865b2a31,lithium.theater,available,19.99,83.99,high,low,7,name.com,,,23/08/2026 00:43
e1c86c69-0b67-465a-b482-d68afa18c42e,antiquity.theater,available,65.99,65.99,medium,low,9,namesilo,,,19/09/2026 03:50
0635de77-72f5-486a-b56f-e5085129de18,macon.theater,available,65.99,65.99,high,low,5,namesilo,,,27/09/2026 04:39
a479b429-8d96-4d8a-a40f-c92deb181e11,payment.theater,available,65.99,65.99,high,medium,7,namesilo,,,28/09/2026 08:59
32c20f52-c260-425b-ae55-5ecfd2e228d4,magnified.theater,available,19.99,83.99,high,low,9,name.com,,,24/08/2026 13:08
e4e9b6fa-b83e-40bd-8003-d32afed3cc1e,dinnertime.theater,available,67.98,80.98,high,low,10,namecheap,,,24/09/2026 22:22
486e0365-2489-4024-91cc-784302898406,batfish.theater,available,65.99,65.99,medium,low,7,namesilo,,,22/09/2026 13:14
9d598b39-c854-47fc-bd8d-7e09ff756bb4,vila.theater,available,67.98,80.98,high,low,4,namecheap,,,24/09/2026 12:33
a5bf0fe1-9ff7-4c8e-af09-d3b60d7054f3,gao.theater,available,65.99,65.99,high,low,3,namesilo,,,25/09/2026 06:16
ee3e7e8a-1cb6-418d-a7ec-4d4cad7a35f1,aphasia.theater,available,65.99,65.99,medium,low,7,namesilo,,,19/09/2026 16:53
c170b1e6-24dd-4ae4-8921-ec6955288fdc,highly.theater,available,65.99,65.99,medium,low,6,namesilo,,,28/09/2026 14:51
3ba268af-04aa-4a01-91c1-715d7a2d9eff,foldaway.theater,available,19.99,83.99,high,low,8,name.com,,,18/08/2026 10:07
e2da8e18-6ebd-4501-866f-d3b693b0a1a7,stains.theater,available,65.99,65.99,medium,low,6,namesilo,,,29/09/2026 22:47
fa0917b3-6626-4544-b3d7-1127cf74bc25,horrifying.theater,available,19.99,83.99,medium,low,10,name.com,,,18/08/2026 15:42
2b42c584-53ec-414b-9140-87fca55958f4,hereby.theater,available,65.99,65.99,medium,low,6,namesilo,,,15/09/2026 00:25
4f6d5e3a-3941-436f-ac76-207382315351,pound.theater,available,65.99,65.99,medium,low,5,namesilo,,,29/09/2026 04:26
21ad7283-a8e3-4860-a557-c2659e83b48c,intestate.theater,available,19.99,83.99,medium,low,9,name.com,,,22/08/2026 08:24
2b405403-b6e8-4c9d-8b82-8c82de107bf5,anxiously.theater,available,67.98,80.98,medium,low,9,namecheap,,,13/09/2026 20:05
6230844a-2803-4f96-9344-8ffdd657fa59,banging.theater,available,19.99,83.99,high,low,7,name.com,,,08/08/2026 13:03
c6482b0e-c2ef-455f-82bc-75fc65a1d37b,petrograd.theater,available,51.95,51.95,medium,low,9,spaceship,,,29/09/2026 01:34
36d803c1-7361-4e4e-9971-36b8690feebd,migratory.theater,available,19.99,83.99,medium,low,9,name.com,,,24/08/2026 22:49
3d9e1815-7d8e-4534-8f92-d952dea87ac4,workaday.theater,available,19.99,83.99,medium,low,8,name.com,,,17/08/2026 14:58
a1afdc0b-461c-4f4c-8067-069f4c29f67f,engraved.theater,available,19.99,83.99,high,low,8,name.com,,,17/08/2026 07:40
277c580f-1746-4359-a7bd-cf5dc122a1f1,medusa.theater,available,19.99,83.99,high,low,6,name.com,,,24/08/2026 19:13
910727ce-a5a2-4614-9227-305f28817a92,usance.theater,available,19.99,83.99,medium,low,6,name.com,,,13/08/2026 12:25
f91f34f7-38ea-43fe-8297-247f367d200a,jackson.theater,available,65.99,65.99,high,low,7,namesilo,,,19/09/2026 04:43
b7bea2cd-5c02-47fb-b2e6-544e36f3845e,casteless.theater,available,19.99,83.99,medium,low,9,name.com,,,11/08/2026 20:25
148bcadf-d3b6-4252-b536-f3179f9fe64b,lxxv.theater,available,,,medium,low,4,,,,
8ee1b9ea-f3ec-4fd9-bebe-1db2a4f8408e,rheologic.theater,available,65.99,65.99,medium,low,9,namesilo,,,09/09/2026 16:35
3a1340d4-1e7c-4c6a-8897-46a150f39513,calculates.theater,available,67.98,80.98,medium,low,10,namecheap,,,21/09/2026 10:23
14c3ba78-4fbf-48b3-bc26-80198638e683,disruption.theater,available,67.98,80.98,high,low,10,namecheap,,,24/09/2026 16:35
95a016f9-54cd-4007-8376-a5765b2364df,artisan.theater,available,65.99,65.99,high,low,7,namesilo,,,20/09/2026 11:51
d37e1acd-e3f0-4fac-b971-e56ed759b144,hadean.theater,available,19.99,83.99,medium,low,6,name.com,,,20/08/2026 21:32
0c237219-5920-41c2-9667-6c76afade70b,practiced.theater,available,51.95,51.95,high,low,9,spaceship,,,29/09/2026 02:32
9a50edce-4490-41aa-a4cb-f30c4ad3a06c,salving.theater,available,19.99,83.99,medium,low,7,name.com,,,14/08/2026 01:40
28e813f1-5a43-4a27-a559-5ac58f3de619,horned.theater,available,19.99,83.99,medium,low,6,name.com,,,21/08/2026 14:04
7213b8be-af0c-42c2-b9bb-844889a5c8bd,slant.theater,available,19.99,83.99,high,low,5,name.com,,,22/08/2026 22:07
ff52fc6e-fb23-41a7-8893-039c8ae45e1d,poison.theater,available,67.98,80.98,high,low,6,namecheap,,,11/09/2026 18:25
20ab0c6e-f0a8-4269-9cb8-4753bb790a68,ashy.theater,available,19.99,83.99,high,low,4,name.com,,,07/08/2026 02:04
8c6d2bc9-1bf4-411a-b6c1-d6f98f1cbccd,niggle.theater,available,65.99,65.99,medium,low,6,namesilo,,,23/09/2026 13:17
3e057742-3bc3-47b1-94af-15612bababdf,yeltsin.theater,available,67.98,80.98,medium,low,7,namecheap,,,28/09/2026 22:09
57d4afe6-d6f0-4f22-852c-048fe512c68e,taxpaying.theater,available,65.99,65.99,medium,low,9,namesilo,,,11/09/2026 09:32
b1f60ecd-3d56-4d80-a3a2-e5de6b0a3d44,rife.theater,available,67.98,80.98,medium,low,4,namecheap,,,04/09/2026 20:07
01c53b0b-60ce-4e76-bd1b-6aa3bcf8a2dc,impure.theater,available,19.99,83.99,medium,low,6,name.com,,,21/08/2026 23:30
8b7bfacc-7da4-469a-9c7b-4a156523eced,wayfaring.theater,available,65.99,65.99,medium,low,9,namesilo,,,13/09/2026 08:47
cc37d837-8110-49b6-be93-b32b090d9927,slushy.theater,available,19.99,83.99,medium,low,6,name.com,,,09/08/2026 01:25
7c5b670c-83a7-4f51-a1a2-3826d8b50c50,patchy.theater,available,65.99,65.99,medium,low,6,namesilo,,,08/09/2026 10:20
33d13744-de1a-4483-ad5e-86f1496bf5da,ensemble.theater,available,65.99,65.99,high,low,8,namesilo,,,16/09/2026 09:22
c3f750f1-002f-4c10-8464-6c4803808e42,vilnius.theater,available,10.92,53.72,medium,low,7,dynadot,,,28/09/2026 18:34
2b5092b1-4d16-4205-9186-e13c548a529d,andante.theater,available,19.99,83.99,high,low,7,name.com,,,
b9d152c5-49c6-4225-aab7-70acd36b2b0f,preferably.theater,available,67.98,80.98,medium,low,10,namecheap,,,15/09/2026 21:14
8cd6bf5a-2db2-47fd-ad1f-13f803952ebb,repository.theater,available,65.99,65.99,high,low,10,namesilo,,,24/09/2026 21:59
3dec156a-482a-4d0d-973c-dc6a0c56935e,endoergic.theater,available,19.99,83.99,medium,low,9,name.com,,,17/08/2026 01:08
fc95d8cf-60fb-438c-90ce-9426c783f1df,arak.theater,available,65.99,65.99,medium,low,4,namesilo,,,19/09/2026 23:47
711c4d25-ca62-4351-973b-24ea232e321d,hometown.theater,available,65.99,65.99,high,low,8,namesilo,,,28/09/2026 10:06
f760c890-48d6-4648-bb49-3a20b64b85c9,dancing.theater,available,65.99,65.99,high,low,7,namesilo,,,25/09/2026 04:44
283e178d-5780-4bc6-af61-b898d73c5670,documented.theater,available,65.99,65.99,high,low,10,namesilo,,,22/09/2026 11:37
3f2ddb5b-20ee-4717-8a2d-062934a1f636,blabby.theater,available,19.99,83.99,low,low,6,name.com,,,09/08/2026 21:03
f9024a72-2e51-403d-9eec-c6d2a9bb3c70,testicle.theater,available,65.99,65.99,high,low,8,namesilo,,,21/09/2026 22:59
8696a767-5831-4a83-b6b1-e75dd5641b8c,eligible.theater,available,19.99,83.99,high,low,8,name.com,,,16/08/2026 04:35
c75097c0-3307-4137-a10c-ee38f927fbff,gur.theater,available,65.99,65.99,medium,low,3,namesilo,,,13/09/2026 06:52
7ea9e6ed-9347-42b6-8e1f-59bfaee208bd,pathetic.theater,available,19.99,83.99,medium,low,8,name.com,,,20/08/2026 23:50
4743340c-d540-46cd-92ad-73f48fd75dcf,mirage.theater,available,51.95,51.95,high,low,6,spaceship,,,29/09/2026 13:27
aab730ec-ed01-4018-bad8-2e710920180e,miffed.theater,available,19.99,83.99,medium,low,6,name.com,,,
be8d15e8-dad0-447c-b5c1-b782d7dd9c43,funfair.theater,available,67.98,80.98,high,low,7,namecheap,,,24/09/2026 16:14
be3fbefb-d850-4570-930b-a3c986b4a20e,color.theater,available,65.99,65.99,high,low,5,namesilo,,,23/09/2026 15:05
0aced956-708d-442f-a2fd-568a63c6df72,scum.theater,available,51.95,51.95,high,low,4,spaceship,,,29/09/2026 08:02
f75eb6c5-4a1f-4665-b244-b787a4383c92,neighbourhood.theater,available,65.99,65.99,high,low,13,namesilo,,,17/09/2026 15:31
7b2c3d3b-552d-439a-8a95-aca25018fdad,riskily.theater,available,65.99,65.99,medium,low,7,namesilo,,,15/09/2026 23:50
d6dbbf91-a501-42fd-8ac1-32de32aef57c,cautionary.theater,available,19.99,83.99,high,low,10,name.com,,,
84dbb621-6905-44cc-93d3-c6f6732ecaf1,critter.theater,available,67.98,80.98,high,low,7,namecheap,,,24/09/2026 19:33
c9bd76b0-2408-4bb7-b288-4dba152d109f,jesting.theater,available,19.99,83.99,high,low,7,name.com,,,22/08/2026 12:52
9db70b48-00c8-4571-92de-f63ba37b9142,vexatious.theater,available,19.99,83.99,medium,low,9,name.com,,,
c1f245f1-c43c-4491-91e4-aceb5a585d53,slay.theater,available,65.99,65.99,high,low,4,namesilo,,,04/09/2026 00:55
a7df858f-dd5b-4b58-ad08-c4f3ceb2a45c,inferno.theater,available,65.99,65.99,high,low,7,namesilo,,,24/09/2026 17:14
d86aa885-a98b-4b1d-bcbd-d0bf03932d08,pays.theater,available,65.99,65.99,medium,low,4,namesilo,,,25/09/2026 17:21
d914edb7-aa24-4c3a-81cb-79134d2be615,originally.theater,available,65.99,65.99,high,low,10,namesilo,,,15/09/2026 07:14
ed29deea-fb2e-4d22-82f3-afedca5120e1,forfeit.theater,available,19.99,83.99,high,low,7,name.com,,,12/08/2026 21:00
ac67e7f8-65f6-4ae6-b99c-cb5b487b5aca,drafted.theater,available,65.99,65.99,medium,low,7,namesilo,,,29/09/2026 04:48
6efdac2d-e87a-4cd3-8d3b-cdc120ac9b3a,captured.theater,available,65.99,65.99,medium,low,8,namesilo,,,27/09/2026 02:07
1b0abf5e-a315-4b14-bf60-499910c739d9,motivate.theater,available,65.99,65.99,high,low,8,namesilo,,,27/09/2026 07:34
f8627484-7f39-45bc-b0ab-ee4bd691ba2c,spencer.theater,available,65.99,65.99,high,low,7,namesilo,,,27/09/2026 14:02
f7e07e94-bb87-4f7e-b587-a903ff2019a1,bedrest.theater,available,65.99,65.99,high,low,7,namesilo,,,22/09/2026 23:03
d22fa898-0e18-4a3b-96ea-6b06925d5ccf,worthless.theater,available,19.99,83.99,medium,low,9,name.com,,,14/08/2026 04:07
f0b6b835-a095-46d2-9e9d-03889cd5e33c,dignified.theater,available,67.98,80.98,high,low,9,namecheap,,,24/09/2026 08:18
7449b4ec-ee16-4843-b74b-7a33753d5100,creation.theater,available,51.95,51.95,high,low,8,spaceship,,,28/09/2026 03:53
52a05486-49c1-4b45-9cae-be5317eece46,troops.theater,available,65.99,65.99,high,low,6,namesilo,,,25/09/2026 23:43
33a99aa4-115f-437a-b335-254295a2a202,blacktop.theater,available,67.98,80.98,medium,low,8,namecheap,,,24/09/2026 03:24
2a68cfec-1658-40e8-8959-4172782ae0e9,robust.theater,available,19.99,83.99,high,low,6,name.com,,,18/08/2026 18:02
bc481630-f375-4509-a57a-6799a79df5ca,maverick.theater,available,19.99,83.99,high,low,8,name.com,,,24/08/2026 17:42
d6df14e3-51ff-4670-aabd-e1a6753a0940,acarine.theater,available,67.98,80.98,medium,low,7,namecheap,,,16/09/2026 21:33
258459ac-c1d8-41c1-832c-d85c97c7f4a8,prink.theater,available,67.98,80.98,medium,low,5,namecheap,,,21/09/2026 02:05
fc5b5501-d30e-4177-92f0-04bf6e43d631,galangal.theater,available,67.98,80.98,medium,low,8,namecheap,,,18/09/2026 14:03
7d8c3040-d7ae-4e1e-a9aa-7e6152942d8e,chauffeur.theater,available,50.2,50.2,high,low,9,cloudflare,,,29/09/2026 11:53
6cd8b9ea-7b26-4da1-8992-d8b4a4069688,dissociate.theater,available,19.99,83.99,medium,low,10,name.com,,,14/08/2026 11:11
4df2d5af-e2b6-4338-9e9b-24856d898055,hail.theater,available,65.99,65.99,high,low,4,namesilo,,,16/09/2026 22:38
450ea762-42a5-46cc-81c3-056357ec8843,batman.theater,available,65.99,65.99,high,low,6,namesilo,,,29/09/2026 01:33
25da6e10-6e65-4513-ba15-e1dd0d16a4d7,fellows.theater,available,65.99,65.99,high,low,7,namesilo,,,25/09/2026 13:03
8f3524ac-d747-4ddc-9d99-e116ab5827a7,beckley.theater,available,65.99,65.99,high,low,7,namesilo,,,22/09/2026 22:43
78dc8671-de4d-4509-9b00-987bcc76fa4e,steamy.theater,available,19.99,83.99,medium,low,6,name.com,,,21/08/2026 14:12
d9ba80f5-42b8-426f-8309-9bd8fbe56989,allium.theater,available,65.99,65.99,high,low,6,namesilo,,,18/09/2026 11:13
473ed937-0a2c-45e5-ac3d-4b12586b854b,oliver.theater,available,65.99,65.99,high,low,6,namesilo,,,25/09/2026 08:05
9aff53de-c77c-42b9-8790-cedf23edd1ee,tropically.theater,available,65.99,65.99,medium,low,10,namesilo,,,16/09/2026 09:33
bfb94efb-09b5-4d2c-965e-7568f03f0002,departments.theater,available,65.99,65.99,medium,low,11,namesilo,,,29/09/2026 17:21
19b708f9-dd66-4197-9eae-e631d401c4e1,saloons.theater,available,65.99,65.99,medium,low,7,namesilo,,,19/09/2026 22:32
c7f4f1de-49f3-48da-bc77-d88744221311,analytic.theater,available,19.99,83.99,high,low,8,name.com,,,
b96f60fc-ba41-4baa-b6cc-972280fc9ec0,wabash.theater,available,65.99,65.99,high,low,6,namesilo,,,28/09/2026 03:15
1a41d9d4-d031-4921-a50b-4e8e1bdb10b9,vegan.theater,available,19.99,,high,medium,5,name.com,,,
65bfe3a5-cf24-4232-a315-904811b8ca08,hulk.theater,available,10.81,52.01,high,low,4,porkbun,,,29/09/2026 13:05
b2a3dc83-9e96-4918-aa0f-05d52f0a4762,bars.theater,available,51.95,51.95,high,low,4,spaceship,,,29/09/2026 01:17
48decb0d-1dc7-4d33-ac7b-bf6912167a90,kroeber.theater,available,65.99,65.99,medium,low,7,namesilo,,,18/09/2026 06:35
9f498cf8-9deb-4228-9ff9-b2937808593e,vince.theater,available,65.99,65.99,high,low,5,namesilo,,,27/09/2026 07:24
2fa3d93e-ace1-4618-b610-c94225095195,muffle.theater,available,19.99,83.99,medium,low,6,name.com,,,13/08/2026 16:49
bebb77c6-76c6-4e30-a95c-71bb79b3145f,fewer.theater,available,65.99,65.99,medium,low,5,namesilo,,,24/09/2026 17:41
45e4da7f-fbc1-4635-b1fd-fd88a6c76e5b,inch.theater,available,65.99,65.99,high,low,4,namesilo,,,25/09/2026 08:00
41582a01-1316-417b-91f3-ff9582d4c0de,aeolus.theater,available,65.99,65.99,medium,low,6,namesilo,,,17/09/2026 12:36
5abcbbd8-1f5c-4954-a209-414d46ed361a,assertive.theater,available,19.99,83.99,medium,low,9,name.com,,,07/08/2026 05:59
c67b84f8-d27d-4812-abc7-9114cb585fb1,dreamfully.theater,available,65.99,65.99,medium,low,10,namesilo,,,14/09/2026 14:19
a891c3c7-2eff-4b3f-a2ef-0d7aa7de183c,jailed.theater,available,65.99,65.99,medium,low,6,namesilo,,,19/09/2026 04:16
bcc7a169-e16f-450f-bbfa-9613fae73d8b,table.theater,available,19.99,,high,low,5,name.com,,,
3929a77e-94e9-4919-8086-4b2f054ac118,hampton.theater,available,65.99,65.99,high,low,7,namesilo,,,25/09/2026 06:48
186b8656-b007-47f5-b6d5-02cf155fe1f8,ost.theater,available,51.95,51.95,high,low,3,spaceship,,,29/09/2026 03:13
57367768-4a71-4e5c-ab15-50e6afe524da,conception.theater,available,65.99,65.99,high,low,10,namesilo,,,24/09/2026 17:07
62e6fd0b-a05c-4a69-827f-ba412ce1fc88,sonia.theater,available,65.99,65.99,high,low,5,namesilo,,,28/09/2026 03:44
27215f85-05e1-47e8-97bf-39229b9d7370,unspoken.theater,available,65.99,65.99,high,low,8,namesilo,,,03/09/2026 11:51
5824fcc8-5762-4dd5-a759-2a9b4cf4fca0,than.theater,available,19.99,,high,low,4,name.com,,,
6037b1a3-024c-4a0c-a5f2-30d0bbd5b04e,agronomy.theater,available,67.98,80.98,medium,low,8,namecheap,,,17/09/2026 19:42
9c13162c-6394-466a-b851-b7ff29807216,quietly.theater,available,67.98,80.98,high,low,7,namecheap,,,09/09/2026 08:49
28e7cf54-ea07-467e-9212-827924df5e08,bohme.theater,available,67.98,80.98,medium,low,5,namecheap,,,23/09/2026 03:34
14558fe1-233b-48d7-b9b9-0edeeb9e88db,continually.theater,available,19.99,,medium,low,11,name.com,,,
0d90476f-d481-41be-8639-26252cb0d95e,vault.theater,available,65.99,65.99,high,medium,5,namesilo,,,22/09/2026 02:40
f714f5b1-0088-4ce9-9bb6-1dc687d410bb,squalls.theater,available,65.99,65.99,low,low,7,namesilo,,,20/09/2026 14:16
5e57a7e8-8237-4e1e-87d7-ae12c5aadb12,peritoneal.theater,available,65.99,65.99,medium,low,10,namesilo,,,08/09/2026 17:25
463fabbd-1183-48c4-af99-f09a22a5cb69,realistic.theater,available,65.99,65.99,high,low,9,namesilo,,,03/09/2026 13:57
dad8b36c-f181-409f-82e5-92612743e506,bight.theater,available,65.99,65.99,medium,low,5,namesilo,,,23/09/2026 15:12
762d3471-aec1-40b4-aff3-c366a1831346,laureate.theater,available,19.99,83.99,high,low,8,name.com,,,22/08/2026 20:57
53f63e12-d698-43dc-80ea-747f4d59a568,apheresis.theater,available,65.99,65.99,medium,low,9,namesilo,,,19/09/2026 16:49
b5a1c1a9-b614-49f6-8147-42bc27629acc,three.theater,available,65.99,65.99,high,low,5,namesilo,,,21/09/2026 13:02
31c26cec-38fc-434d-a640-011cfa7f2630,prose.theater,available,19.99,,high,low,5,name.com,,,
66b397a5-d07c-4998-9d07-61d85c44beaf,condo.theater,available,65.99,65.99,high,low,5,namesilo,,,29/09/2026 10:41
b2ecb4a9-eb96-452b-aae4-66c83cc91f73,promoting.theater,available,10.92,53.72,medium,low,9,dynadot,,,29/09/2026 10:15
a2c88af5-f6a9-4c15-bd83-dcaec6eda335,checker.theater,available,65.99,65.99,high,low,7,namesilo,,,24/09/2026 13:59
3980c5cd-ddee-4ff4-a859-cd90c2a41a7f,remember.theater,available,19.99,,high,low,8,name.com,,,
692756aa-3c5c-4149-8168-4210d07f8fdc,cohort.theater,available,65.99,65.99,high,low,6,namesilo,,,17/09/2026 16:45
46816d1f-2ffa-46cf-b95d-05406c8f961b,decreed.theater,available,19.99,83.99,medium,low,7,name.com,,,13/08/2026 22:14
1f3edbda-e340-4df1-b438-fe0d23857113,jacket.theater,available,65.99,65.99,high,low,6,namesilo,,,29/09/2026 12:13
e3ff7b73-9425-431e-a865-6ca94eaaf9eb,treacherous.theater,available,51.95,51.95,medium,low,11,spaceship,,,30/09/2026 03:44
00d01a56-d5b6-49d8-8fa0-df81ec47b731,submersed.theater,available,65.99,65.99,medium,low,9,namesilo,,,10/09/2026 23:32
b7a2f011-ee50-4cce-8ae0-9a35bf867864,frilled.theater,available,19.99,83.99,medium,low,7,name.com,,,18/08/2026 15:49
beb00f77-67b8-48f8-bfe4-0b9e8bea76f0,compelling.theater,available,65.99,65.99,high,low,10,namesilo,,,23/09/2026 17:02
7df5e2ab-1f55-49b8-acff-1d5457303d79,napkin.theater,available,51.95,51.95,high,low,6,spaceship,,,28/09/2026 08:00
2bcae7ba-a498-4dc7-ac3c-a3f6042f77f3,expulsion.theater,available,51.95,51.95,high,low,9,spaceship,,,30/09/2026 01:29
c5319d81-c075-4dc8-b5bb-de01e6a63afb,muir.theater,available,51.95,51.95,high,low,4,spaceship,,,29/09/2026 19:25
db4208c6-6ec0-4c65-aef8-7a99964f28a5,reliable.theater,available,67.98,80.98,high,low,8,namecheap,,,29/09/2026 13:47
d78156cb-e181-4bda-aafc-ac3670a49450,cadenced.theater,available,19.99,83.99,medium,low,8,name.com,,,11/08/2026 12:46
95bc42f0-4885-4e8f-8436-bc808c80187a,ayatollah.theater,available,65.99,65.99,high,low,9,namesilo,,,21/09/2026 10:36
35b79f70-972c-4431-99a3-354d282f8525,wool.theater,available,65.99,65.99,high,low,4,namesilo,,,28/09/2026 10:46
9d39c54e-7112-45a3-9b8c-ae5e32fbbce3,limitation.theater,available,50.2,50.2,medium,low,10,cloudflare,,,30/09/2026 03:01
61a053b4-cf2a-4524-9fab-bc936655d545,scandium.theater,available,65.99,65.99,medium,low,8,namesilo,,,20/09/2026 22:34
36618a18-cfda-440c-b6ae-5accf17514b9,tetanic.theater,available,65.99,65.99,medium,low,7,namesilo,,,11/09/2026 12:08
7599d49a-08bc-4aa9-86fe-b9118b423a84,tony.theater,available,50.2,50.2,high,medium,4,cloudflare,,,29/09/2026 09:10
34a6cf45-5e53-4b9f-81a1-07635548ddc1,avens.theater,available,67.98,80.98,medium,low,5,namecheap,,,21/09/2026 09:03
41020fff-ba6a-4fba-8652-f9c8cdb17ded,spiritless.theater,available,65.99,65.99,medium,low,10,namesilo,,,10/09/2026 15:54
29290609-f0cc-47d3-8ac3-d0bdd0c8cc10,parliament.theater,available,65.99,65.99,high,low,10,namesilo,,,29/09/2026 07:49
ea47289f-b258-4742-a5d7-8ada5a36549b,jingle.theater,available,67.98,80.98,high,low,6,namecheap,,,29/09/2026 06:41
59720312-9c6a-460d-ad31-6c7427e17234,chirping.theater,available,19.99,,high,low,8,name.com,,,
1c27f895-55bf-49ed-ae1c-434ab7790d33,counterfeits.theater,available,67.98,80.98,low,low,12,namecheap,,,19/09/2026 21:40
42840b3e-2b91-4dba-95aa-37d585c2e522,exobiology.theater,available,65.99,65.99,medium,low,10,namesilo,,,20/09/2026 17:35
4fc8994d-471c-4c76-971f-640dc18fee11,soundly.theater,available,65.99,65.99,high,low,7,namesilo,,,16/09/2026 05:34
72954bed-e7b7-4550-b955-7a3e7f3d6fb3,starry.theater,available,19.99,83.99,high,low,6,name.com,,,10/09/2026 18:58
5373e67f-2888-4b87-b521-2a634c23ab06,everyplace.theater,available,65.99,65.99,medium,low,10,namesilo,,,14/09/2026 16:38
7313c64c-8f9b-4ed8-9d74-e062be64de1e,uut.theater,available,65.99,65.99,medium,low,3,namesilo,,,20/09/2026 22:17
0f56b36f-42ff-434a-be7d-c53bc8e7b90a,unless.theater,available,65.99,65.99,medium,low,6,namesilo,,,26/09/2026 03:05
83d6f49c-bb19-4221-8b82-41120deb2c7a,intense.theater,available,67.98,80.98,high,low,7,namecheap,,,25/09/2026 09:55
0a4b45a5-ca8e-44d6-835c-3fae86086269,drummer.theater,available,50.2,50.2,medium,low,7,cloudflare,,,28/09/2026 09:32
bc9514cb-3ba1-4521-a18c-276603cddce0,superficial.theater,available,67.98,80.98,medium,low,11,namecheap,,,28/09/2026 20:58
5de40639-5d55-4163-8fd4-5333d19ad6b1,furnishings.theater,available,67.98,80.98,high,low,11,namecheap,,,16/09/2026 18:36
044382e7-8a48-4386-a312-932b60aa69c4,brunch.theater,available,65.99,65.99,high,low,6,namesilo,,,24/09/2026 10:54
b1eeb156-0d31-428a-bc21-13866939971d,creepy.theater,available,65.99,65.99,high,low,6,namesilo,,,24/09/2026 01:42
8201eca3-73b2-42fe-8738-fcf3097e826d,coleridge.theater,available,51.95,51.95,medium,low,9,spaceship,,,28/09/2026 09:24
f444a938-ecb7-4bf3-b716-f7f88575600a,schenectady.theater,available,51.95,51.95,medium,low,11,spaceship,,,28/09/2026 12:25
76ee7441-e90a-4592-8089-f4cc43db3727,judicious.theater,available,19.99,83.99,high,low,9,name.com,,,21/08/2026 02:00
e4987b2d-40cc-4180-a2e9-d97f25775493,agrippina.theater,available,67.98,80.98,medium,low,9,namecheap,,,17/09/2026 19:33
6e384a7a-e514-456c-94fd-8ce0f42ae462,informant.theater,available,65.99,65.99,high,low,9,namesilo,,,28/09/2026 14:31
25d66e97-f79d-4508-83e1-76fb594567ea,unbowed.theater,available,65.99,65.99,medium,low,7,namesilo,,,12/09/2026 02:27
2e5a5916-8c65-4423-8075-35a41884c778,futuristic.theater,available,19.99,83.99,high,low,10,name.com,,,18/08/2026 19:17
685ebeac-c538-4c42-8df9-76de5b88a872,shivaree.theater,available,65.99,65.99,medium,low,8,namesilo,,,23/09/2026 06:07
bdc285ed-369d-44ca-a962-c52e9ec27a53,randomly.theater,available,65.99,65.99,high,low,8,namesilo,,,13/09/2026 20:35
5353082d-54fd-4b9c-bc7b-1b7edfb7fae2,cursorial.theater,available,19.99,83.99,medium,low,9,name.com,,,13/08/2026 11:40
8d94e61b-d190-4b65-83a4-6980a920038a,woollen.theater,available,65.99,65.99,high,low,7,namesilo,,,13/09/2026 13:15
2b0c345e-c503-4b5a-99f8-cfa7f77f045e,northmost.theater,available,67.98,80.98,medium,low,9,namecheap,,,03/09/2026 21:38
59b1f342-d4e5-45c9-90a1-d46f300fcc32,stockpile.theater,available,67.98,80.98,high,low,9,namecheap,,,10/09/2026 20:52
8f4d53b7-e9c1-4bdb-acf6-6a05933e24fb,viciously.theater,available,19.99,83.99,medium,low,9,name.com,,,14/09/2026 01:35
75facb5f-9bcc-4832-b912-4ac5ef5e0aa5,hoarding.theater,available,65.99,65.99,medium,low,8,namesilo,,,23/09/2026 16:09
7ac76ba2-1c0c-4e6a-8925-00f59e8f2129,slaughtered.theater,available,50.2,50.2,medium,low,11,cloudflare,,,29/09/2026 05:12
ab1e87c3-dd8c-458f-8969-4da6f1593546,adler.theater,available,65.99,65.99,high,low,5,namesilo,,,25/09/2026 13:44
3da85e3e-1534-492f-976b-74d86d9851c9,prefer.theater,available,65.99,65.99,high,low,6,namesilo,,,27/09/2026 03:54
a52d82c8-06a2-4125-8611-93bebcd405b3,knackered.theater,available,19.99,83.99,medium,low,9,name.com,,,22/08/2026 16:23
c9b5964e-f797-438e-995a-30fc2482e525,fifteenth.theater,available,19.99,83.99,high,low,9,name.com,,,
def1ffb0-df03-4eb2-a8d0-52c9ed27ffbc,condolence.theater,available,65.99,65.99,high,low,10,namesilo,,,29/09/2026 10:42
cd1dc7ab-a89e-4961-8c2f-3556b71696fc,continued.theater,available,67.98,80.98,high,low,9,namecheap,,,23/09/2026 22:14
701057dc-8186-42a4-aa65-e4be4c4adf9c,belisarius.theater,available,65.99,65.99,medium,low,10,namesilo,,,23/09/2026 05:17
cfaa41c0-dc16-4177-b6d3-8d511ae807b2,information.theater,available,50.2,50.2,high,low,11,cloudflare,,,28/09/2026 19:48
02fc17ec-5b7c-47bd-bc91-3db337c32a3d,jin.theater,available,65.99,65.99,high,low,3,namesilo,,,28/09/2026 07:26
74e70707-1bc3-4d7e-b4f9-7670ea50f73f,confiscated.theater,available,51.95,51.95,low,low,11,spaceship,,,29/09/2026 11:03
2af7adf7-c150-4577-abaa-f26823068095,onomastic.theater,available,65.99,65.99,medium,low,9,namesilo,,,04/09/2026 15:15
fe0ed118-71e5-4b22-9153-def5ec835635,guts.theater,available,51.95,51.95,high,low,4,spaceship,,,29/09/2026 21:51
af2f0134-972f-44b7-aec3-5923e166aad5,thinking.theater,available,50.2,50.2,high,low,8,cloudflare,,,28/09/2026 02:31
69f7cd8f-72a1-403e-ab59-85c176500af3,murdered.theater,available,65.99,65.99,medium,low,8,namesilo,,,03/09/2026 11:02
ad23fe34-ba19-4e4b-acc8-332050000b46,vulpine.theater,available,65.99,65.99,medium,low,7,namesilo,,,13/09/2026 07:26
4871a002-7d4f-48b5-aeae-ddc088a18367,alison.theater,available,10.92,53.72,medium,low,6,dynadot,,,28/09/2026 04:29
785fc8b7-5e9b-4fe3-b3b9-94d36b499563,intimately.theater,available,65.99,65.99,high,low,10,namesilo,,,15/09/2026 09:03
16b08261-5f8f-4afa-8a36-9d9c63a9b0a5,analyze.theater,available,19.99,,high,low,7,name.com,,,
11bbfd2e-29c6-4fd4-ba4b-834b3d039cd5,balustrade.theater,available,65.99,65.99,high,low,10,namesilo,,,22/09/2026 00:29
02a0e186-4a73-4728-aa1d-0076e63f13d7,cryptic.theater,available,19.99,83.99,high,low,7,name.com,,,11/08/2026 12:17
7403a422-17c1-4e25-b8c6-bbc900a8ac18,changed.theater,available,19.99,83.99,high,low,7,name.com,,,12/08/2026 01:53
005cbdef-d650-4bc1-921a-b2e1e27f5693,ammonium.theater,available,65.99,65.99,high,low,8,namesilo,,,18/09/2026 22:10
056c0286-8c26-4a94-b68e-673bb4bec5c8,kellogg.theater,available,65.99,65.99,high,low,7,namesilo,,,27/09/2026 14:32
223fbcf4-97c5-4be7-b9aa-ff71b34365d5,stern.theater,available,65.99,65.99,high,low,5,namesilo,,,22/09/2026 13:25
105e62e4-ef89-4d3f-84fa-7718bb5b7afa,unstrung.theater,available,65.99,65.99,medium,low,8,namesilo,,,12/09/2026 20:39
6a11e49b-944c-4dcd-aa92-2e9aa6e427af,bey.theater,available,65.99,65.99,medium,low,3,namesilo,,,23/09/2026 12:10
377ca64e-6754-40e2-b6fc-526bcb54c149,marlene.theater,available,65.99,65.99,medium,low,7,namesilo,,,28/09/2026 22:01
b8f1a1eb-f076-4870-809d-a721af841b0c,flimsy.theater,available,19.99,83.99,medium,low,6,name.com,,,18/08/2026 08:15
ac10e348-467a-4b65-b7e2-8921c414f9ff,humidity.theater,available,10.92,53.72,high,low,8,dynadot,,,29/09/2026 01:18
78cd5016-cdb9-4fe9-a98a-7d82170b0a0a,tripartite.theater,available,65.99,65.99,medium,low,10,namesilo,,,11/09/2026 14:23
6da85202-8995-4cb1-b5f9-5df47e5cde69,envy.theater,available,51.95,51.95,high,low,4,spaceship,,,28/09/2026 05:36
c15cfc0e-b37e-4238-bfb9-c56442eaa462,liberties.theater,available,65.99,65.99,medium,low,9,namesilo,,,18/09/2026 04:52
8b07095f-92bb-4408-a22d-6b063ac73685,evans.theater,available,65.99,65.99,high,low,5,namesilo,,,20/09/2026 10:48
d186cfed-7c2f-426d-ba29-16c46ca9a610,howells.theater,available,51.95,51.95,high,low,7,spaceship,,,29/09/2026 19:11
6cb0cfc7-d194-435d-95e7-702bacc3fd7f,hartford.theater,available,51.95,51.95,high,low,8,spaceship,,,28/09/2026 18:33
a0a4fae3-da0d-4815-a285-96dddd3244ce,amd.theater,available,65.99,65.99,high,low,3,namesilo,,,17/09/2026 16:44
d803ef7e-4582-4682-998e-0d828848f571,clermont.theater,available,51.95,51.95,medium,low,8,spaceship,,,28/09/2026 22:20
7b0de424-28ef-4ed6-a8c9-6491f4ed6f20,rootbound.theater,available,65.99,65.99,medium,low,9,namesilo,,,09/09/2026 00:46
7ff6dab7-fba8-496a-a28c-40abea313305,fibrous.theater,available,19.99,83.99,medium,low,7,name.com,,,18/08/2026 03:22
b0379b95-3486-4b77-9096-162620d7d0b3,deceiver.theater,available,65.99,65.99,medium,low,8,namesilo,,,23/09/2026 02:29
0834d63a-9086-4b23-923f-865aafc02bff,meaning.theater,available,67.98,80.98,high,low,7,namecheap,,,25/09/2026 18:26
f423109f-09ff-4590-be7a-19c08acf02d6,partido.theater,available,65.99,65.99,medium,low,7,namesilo,,,29/09/2026 08:45
e93ca633-f7f8-40e8-89f8-89fcc1464715,precisely.theater,available,65.99,65.99,high,low,9,namesilo,,,04/09/2026 14:15
d25ae6fa-689f-49ec-85ce-6b2a9da557ac,musically.theater,available,65.99,65.99,high,low,9,namesilo,,,15/09/2026 15:43
5cf68af2-16cd-4f16-89ad-83c3a0ea0c16,wife.theater,available,65.99,65.99,high,low,4,namesilo,,,30/09/2026 03:56
06a10af9-a558-46fb-b072-fc7a166955b1,peppery.theater,available,65.99,65.99,medium,low,7,namesilo,,,08/09/2026 15:37
77cf2036-a60a-4004-a1f8-940425005645,weird.theater,available,65.99,65.99,high,low,5,namesilo,,,24/09/2026 13:41
3dfce912-5e13-4b80-83fa-54ae1016100d,chagrined.theater,available,19.99,83.99,medium,low,9,name.com,,,
3a13e03c-1aba-4127-a139-fcd4b875b293,secluded.theater,available,65.99,65.99,high,low,8,namesilo,,,27/09/2026 06:24
dec915c4-af25-4ec2-95a4-600845b58b10,lutz.theater,available,65.99,65.99,medium,low,4,namesilo,,,28/09/2026 15:40
70ecc290-9eef-402f-ae74-e4dd51a6fdd0,facilitate.theater,available,19.99,,high,low,10,name.com,,,
ada03478-c7aa-4664-8d11-15e2a32a0f03,eleven.theater,available,65.99,65.99,high,low,6,namesilo,,,21/09/2026 11:20
71d5c173-2b15-4ab6-b144-8e7c6cfb72cf,andover.theater,available,65.99,65.99,high,low,7,namesilo,,,27/09/2026 18:38
e15a318b-8ae5-4213-8193-3642af27218b,dishonor.theater,available,51.95,51.95,high,low,8,spaceship,,,29/09/2026 15:45
76ae03bc-d23f-4205-8b2d-0bca32d72144,joints.theater,available,65.99,65.99,medium,low,6,namesilo,,,20/09/2026 03:38
aee90ac0-5b21-46b3-9406-ef88bc6d5609,elbe.theater,available,51.95,51.95,medium,low,4,spaceship,,,28/09/2026 19:03
bd97d4f6-c782-4b4d-b3f8-4c3c9714607f,coffeeberry.theater,available,19.99,,high,low,12,name.com,,,
18a95701-a594-49a1-9ae0-ac1b2d87f94a,natty.theater,available,19.99,83.99,medium,low,5,name.com,,,13/08/2026 17:29
685c9cc4-64d6-4678-a915-c7aaf94e7121,grammar.theater,available,50.2,50.2,high,low,7,cloudflare,,,29/09/2026 21:08
d40e10c5-4c61-4b4a-9280-522037c3597e,gutter.theater,available,10.81,52.01,high,low,6,porkbun,,,29/09/2026 12:59
5953b81e-8419-4fb4-a507-66c5bb2e90ae,freshly.theater,available,19.99,83.99,high,low,7,name.com,,,18/08/2026 15:18
003c37f9-59ad-47a4-8348-32084fcc44cd,premiers.theater,available,51.95,51.95,medium,low,8,spaceship,,,29/09/2026 17:25
5220981c-c636-4114-ac65-f7cb9fbb084c,unranked.theater,available,65.99,65.99,medium,low,8,namesilo,,,12/09/2026 17:44
aff9834d-a203-420d-95f9-a984c0acee25,holey.theater,available,19.99,83.99,medium,low,5,name.com,,,21/08/2026 10:23
b5cad76a-5253-4541-bcaa-b3faa87cd178,nerd.theater,available,10.92,53.72,high,medium,4,dynadot,,,29/09/2026 17:17
647e21de-1af1-44b6-9aed-6f0095960969,firm.theater,available,51.95,51.95,high,low,4,spaceship,,,28/09/2026 03:17
38944b2a-4762-41a6-843b-a71ef953d2c0,psc.theater,available,67.98,80.98,high,low,3,namecheap,,,29/09/2026 22:26
8b1b7711-8558-4a1c-93ba-0d28d127cedc,nacreous.theater,available,65.99,65.99,medium,low,8,namesilo,,,03/09/2026 12:37
d7e88693-77ab-4dd7-b9c4-801af8a427f0,biggin.theater,available,65.99,65.99,medium,low,6,namesilo,,,23/09/2026 15:08
84296c34-823d-42fa-a907-3c4d25b98bd7,excellent.theater,available,65.99,65.99,high,low,9,namesilo,,,24/09/2026 15:50
f6252e66-48fe-49f7-99ab-96bff0d7ed8d,bangtail.theater,available,65.99,65.99,medium,low,8,namesilo,,,22/09/2026 02:02
2182e494-a217-4985-8ec5-6c2b0a8f73e6,wal.theater,available,51.95,51.95,high,low,3,spaceship,,,29/09/2026 23:46
04dfd484-09a1-419c-91f3-57f7f2323d3c,nyse.theater,available,10.81,52.01,high,low,4,porkbun,,,29/09/2026 02:35
67fc2a15-0cfd-4aa8-aa68-36d46edbfd79,junior.theater,available,65.99,65.99,high,low,6,namesilo,,,25/09/2026 12:12
35802f84-6e11-4e2c-91e6-fca03fbfd772,forgiving.theater,available,65.99,65.99,high,low,9,namesilo,,,21/09/2026 14:52
fe7ffa8c-7512-47e1-b52b-c98f1b8ddadf,bala.theater,available,50.2,50.2,medium,low,4,cloudflare,,,28/09/2026 22:20
695e006f-736d-44f2-9513-3eedc17c98d5,hillside.theater,available,51.95,51.95,high,low,8,spaceship,,,29/09/2026 13:02
5a0bfb05-de81-4577-b332-0c440f09cad5,fork.theater,available,65.99,65.99,high,low,4,namesilo,,,23/09/2026 02:18
822f92b6-2ad8-4285-a22d-ab6066b3b913,skimp.theater,available,65.99,65.99,medium,low,5,namesilo,,,09/09/2026 22:34
9aeb6827-dae2-4590-8242-25f02f4fba38,bugged.theater,available,65.99,65.99,medium,low,6,namesilo,,,23/09/2026 10:21
bafabca1-7565-4325-8404-ae4f2d5d72ee,hollows.theater,available,65.99,65.99,low,low,7,namesilo,,,20/09/2026 18:42
fae04d81-f6d4-40af-8abe-a2337df94189,fundamentalism.theater,available,19.99,,medium,low,14,name.com,,,
d64bc015-be05-4879-bcd0-ec6c2648197a,versions.theater,available,50.2,50.2,medium,low,8,cloudflare,,,30/09/2026 00:17
77f19174-f7ca-413c-9f56-4d583f4400df,conclusive.theater,premium,19.99,,high,low,10,name.com,,,23/09/2026 19:11
c0a33140-ae12-49b0-b3be-95fec0bb6ede,hua.theater,available,65.99,65.99,high,low,3,namesilo,,,18/09/2026 01:18
23cbd6ff-956f-4dbf-9423-50ed47433b60,locke.theater,available,65.99,65.99,high,low,5,namesilo,,,25/09/2026 08:02
5b78d901-fc90-478c-8ec8-ca4a2452216a,backbend.theater,available,65.99,65.99,high,low,8,namesilo,,,21/09/2026 15:01
abe6878c-6a7e-4f3c-a2c1-1f91115189fa,loftily.theater,available,65.99,65.99,medium,low,7,namesilo,,,15/09/2026 12:38
f4ceefcd-3721-45a3-b926-a6dd60830e6a,bentwood.theater,available,65.99,65.99,medium,low,8,namesilo,,,23/09/2026 08:47
e3db0957-2644-4edf-90ee-0978615defba,theorize.theater,available,65.99,65.99,high,low,8,namesilo,,,24/09/2026 17:19
d37c6e07-6d38-4887-bcb1-92be8d9c175d,treason.theater,available,65.99,65.99,medium,low,7,namesilo,,,23/09/2026 11:25
560e7ca6-1b3e-44c6-ba49-89e6a2094d95,burnley.theater,available,67.98,80.98,medium,low,7,namecheap,,,29/09/2026 15:51
f1a3a2d6-2bb5-46c8-a54c-49208cc0c76e,ethnic.theater,available,65.99,65.99,high,low,6,namesilo,,,24/09/2026 15:23
1d7ea94e-4086-406a-8fc3-391d29201a15,nag.theater,available,67.98,80.98,high,low,3,namecheap,,,24/09/2026 16:35
8bbe7479-c4fa-4a79-9258-e7b15e3d08cd,screwing.theater,available,19.99,83.99,medium,low,8,name.com,,,18/08/2026 17:28
50d1a7e2-bea9-40ef-817f-5d578ded3082,qatari.theater,available,19.99,83.99,high,low,6,name.com,,,22/08/2026 15:09
e54af4bc-6b7a-4094-a31e-ec59af9cee48,aeriform.theater,available,19.99,83.99,medium,low,8,name.com,,,
b0eb0fda-fcf4-405c-bd69-21892f52383c,mundane.theater,available,19.99,83.99,high,low,7,name.com,,,17/08/2026 14:55
2f0e6cc2-0421-4bea-b578-7a94b2908a23,override.theater,available,51.95,51.95,high,low,8,spaceship,,,29/09/2026 01:46
abae7f82-096e-48ec-adf1-dcb5764677ee,soporific.theater,available,19.99,83.99,medium,low,9,name.com,,,21/08/2026 16:58
bdda22f1-2990-42de-9428-83284ebe54b5,apneic.theater,available,19.99,83.99,medium,low,6,name.com,,,06/08/2026 00:40
08ffc1af-b872-4db5-aaf8-d59f02ee2e47,mouldy.theater,available,19.99,83.99,medium,low,6,name.com,,,25/08/2026 03:52
d2adb689-5de3-49be-a102-9fe246446700,analphabet.theater,available,19.99,83.99,medium,low,10,name.com,,,
474dc09d-5182-4c95-af09-288b964fdae6,reagan.theater,available,65.99,65.99,medium,low,6,namesilo,,,28/09/2026 15:06
58c88150-100e-451a-bdbe-ebd2f01bcd26,targeted.theater,available,50.2,50.2,medium,low,8,cloudflare,,,28/09/2026 21:29
6ea0b0cc-001e-4acb-b8f4-9282c2409cc0,oiled.theater,available,65.99,65.99,medium,low,5,namesilo,,,04/09/2026 01:49
0c26b55e-b747-4e5f-9a05-a680f323de61,attenuator.theater,available,65.99,65.99,medium,low,10,namesilo,,,21/09/2026 01:34
f8d2f934-b942-446b-8926-a41f54682c67,wishful.theater,available,19.99,83.99,medium,low,7,name.com,,,07/08/2026 05:07
ec1d76f7-f6bf-4579-81e6-d2d7980c809c,took.theater,available,19.99,,medium,low,4,name.com,,,
8753ad1c-c383-4dad-92af-fceafecb2d6f,caliginous.theater,available,19.99,83.99,low,low,10,name.com,,,11/08/2026 14:25
1e00f6d3-65d6-48f8-ba8e-e93820cbf3b5,casebook.theater,available,65.99,65.99,high,low,8,namesilo,,,08/09/2026 03:38
eb8e63f3-b1d7-4e7f-82e3-f4e8d11ffc44,tijuana.theater,available,65.99,65.99,medium,low,7,namesilo,,,29/09/2026 02:18
abd18247-a686-4070-acfe-b542f655aab9,gallipoli.theater,available,51.95,51.95,medium,low,9,spaceship,,,29/09/2026 22:32
2f07a478-fbaf-4d41-a39b-2de341dfc10c,divided.theater,available,19.99,83.99,medium,low,7,name.com,,,14/08/2026 13:42
c55f7882-421b-4e81-94e7-f004f42e958e,gathering.theater,available,67.98,80.98,high,low,9,namecheap,,,20/09/2026 16:00
3b928308-efa6-40b7-ade7-3b41bf3ab7ac,auger.theater,available,65.99,65.99,medium,low,5,namesilo,,,21/09/2026 03:19
d4395d36-daa2-4c28-9ca7-7156b07a259a,butterball.theater,available,19.99,83.99,medium,low,10,name.com,,,17/08/2026 23:59
57580eb0-b4bf-494e-a83e-bc93e6c3438b,maps.theater,available,19.99,83.99,high,low,4,name.com,,,
18b8d088-fe2d-4404-a042-63245535926a,chemist.theater,available,67.98,80.98,high,low,7,namecheap,,,19/09/2026 19:39
a503848c-59c5-4f0f-b0b3-26e40f7b6986,guarnieri.theater,available,65.99,65.99,medium,low,9,namesilo,,,19/09/2026 04:23
0985d30f-df83-4d29-9f5d-07c869af23b1,madrona.theater,available,65.99,65.99,medium,low,7,namesilo,,,20/09/2026 01:01
11325a2b-c400-4f51-a733-3ce7ef3669ef,immanuel.theater,available,51.95,51.95,medium,low,8,spaceship,,,29/09/2026 11:14
fdf3ce7b-341e-41b8-bece-272e313e0062,passee.theater,available,19.99,83.99,medium,low,6,name.com,,,14/08/2026 01:19
415a98af-c3af-4314-9f45-e0d03a3c2755,edified.theater,available,19.99,83.99,medium,low,7,name.com,,,15/08/2026 09:32
aff47c2f-9b6e-43ba-bcc5-3a8d0cf79beb,someways.theater,available,65.99,65.99,medium,low,8,namesilo,,,15/09/2026 06:48
10e41f49-e7e1-4cb4-bb65-64bbf95fecb2,meant.theater,available,65.99,65.99,medium,low,5,namesilo,,,25/09/2026 16:51
2028f17a-0142-48a8-b939-05389f331423,suburban.theater,available,65.99,65.99,high,low,8,namesilo,,,11/09/2026 00:54
6940fd59-c726-4d80-bcbe-a79b0350f340,destruction.theater,available,65.99,65.99,medium,low,11,namesilo,,,27/09/2026 02:03
cb015cff-03f4-41c2-81c5-1157f1554974,salamanca.theater,available,51.95,51.95,medium,low,9,spaceship,,,28/09/2026 16:27
5507b72a-91df-4785-bf5e-a614a47a77ab,marker.theater,available,65.99,65.99,high,low,6,namesilo,,,28/09/2026 06:21
4f50e682-a8f8-4c78-a981-8b9e239a9555,streamer.theater,available,19.99,83.99,high,low,8,name.com,,,08/08/2026 13:57
5f157324-841a-4790-a959-693b7b893faf,observing.theater,available,65.99,65.99,high,low,9,namesilo,,,04/09/2026 00:01
77b62e76-9961-40b0-8ba1-36b528930d98,outdo.theater,available,19.99,83.99,medium,low,5,name.com,,,09/08/2026 17:43
e1fb69a5-3484-4f6c-88e5-6aa1ab3d22da,agonising.theater,available,19.99,83.99,medium,low,9,name.com,,,
f4c5c3a8-73de-472b-bc19-40c20dfb7d08,lopsided.theater,available,19.99,83.99,medium,low,8,name.com,,,07/08/2026 03:41
ccb7eac4-fb64-489f-82fd-b453b0346aa2,creatively.theater,available,51.95,51.95,high,low,10,spaceship,,,28/09/2026 14:25
9ed935e4-3751-4b0f-975d-739b28caa5ec,cordless.theater,available,19.99,83.99,high,low,8,name.com,,,13/08/2026 01:04
c39ba57b-e1f7-4d1a-8b8e-f818aeabaef1,swaps.theater,available,65.99,65.99,medium,low,5,namesilo,,,18/09/2026 22:39
e5ce3ccb-d614-47ee-924a-0b3051424643,manageable.theater,available,51.95,51.95,high,low,10,spaceship,,,28/09/2026 15:51
35da7994-c00e-4882-b130-4168ad975bbb,sugars.theater,available,65.99,65.99,medium,low,6,namesilo,,,18/09/2026 08:14
c4b26f36-a7a1-45dd-be75-bcbdfd34ef18,monitor.theater,available,50.2,50.2,high,low,7,cloudflare,,,28/09/2026 18:50
c53bd9b7-df74-446d-b518-de86a7b239c4,skipper.theater,available,65.99,65.99,high,low,7,namesilo,,,28/09/2026 03:03
ff8a205c-510b-44dd-8bb3-01ae660814c7,bowen.theater,available,65.99,65.99,high,low,5,namesilo,,,25/09/2026 12:42
311b061a-66fd-429f-9b27-d0ed653f21e3,legally.theater,available,19.99,83.99,high,low,7,name.com,,,13/08/2026 19:07
671ff033-ca34-4c4f-a897-2f0520f8b331,transforming.theater,available,10.92,53.72,high,low,12,dynadot,,,29/09/2026 23:19
9491dbc0-dd1c-400d-bc3c-439f8abcf0a2,provide.theater,available,19.99,,high,low,7,name.com,,,
41aaa0b2-688c-4541-a494-d2ae425353d3,capably.theater,available,65.99,65.99,medium,low,7,namesilo,,,13/09/2026 16:22
606469c1-514d-4571-b40b-5a8bd55b538d,rabbit.theater,available,65.99,65.99,high,low,6,namesilo,,,25/09/2026 08:52
dfcb0cf7-75d9-49ad-aa6d-db6d806ec398,sonora.theater,available,65.99,65.99,high,low,6,namesilo,,,27/09/2026 04:12
35eb7223-523e-463a-900b-a7a049321b4b,easily.theater,available,65.99,65.99,high,low,6,namesilo,,,24/09/2026 13:14
ba8e1a37-d300-4ce6-af3d-713fa4f044ff,abeyance.theater,available,67.98,80.98,medium,low,8,namecheap,,,16/09/2026 15:20
808480d5-3710-49ba-bdf6-3203b51aa773,screwball.theater,available,19.99,83.99,high,low,9,name.com,,,20/08/2026 22:30
8a2b1c0b-1dc5-478e-bdac-0fe19485ee81,distributor.theater,available,51.95,51.95,high,low,11,spaceship,,,29/09/2026 08:54
e79dab2f-8dd4-48a1-a287-9f53859b759b,evidently.theater,available,67.98,80.98,high,low,9,namecheap,,,08/09/2026 20:21
18ae957d-3456-45c4-bc63-25c22c22c3dd,eternal.theater,available,65.99,65.99,high,medium,7,namesilo,,,21/09/2026 22:47
f1bb2d2a-37ce-400b-b985-833552394ca5,partizan.theater,available,65.99,65.99,high,low,8,namesilo,,,08/09/2026 02:09
f9eab879-c1db-4c11-b28a-29f8bdf4381a,hitherto.theater,available,65.99,65.99,medium,low,8,namesilo,,,13/09/2026 21:48
b280b2af-c1fc-4412-be78-7c34cc6372ee,audition.theater,available,65.99,65.99,high,low,8,namesilo,,,21/09/2026 03:09
460a5276-1a67-4fc7-b357-51913ef0e4e4,barton.theater,available,65.99,65.99,high,low,6,namesilo,,,28/09/2026 11:33
74c7b633-7048-429d-8de1-28683d76f37f,sought.theater,available,65.99,65.99,high,low,6,namesilo,,,10/09/2026 14:41
4351ce8a-43b9-48b5-b4d0-ba29aed9806d,xxvii.theater,available,19.99,83.99,medium,low,5,name.com,,,
dc212bd1-ffe0-4986-8233-1723542ef850,fordable.theater,available,19.99,83.99,medium,low,8,name.com,,,18/08/2026 11:24
985cb064-9995-43ba-91be-67d511908446,conformist.theater,available,19.99,83.99,medium,low,10,name.com,,,12/08/2026 21:13
df0e79dc-5164-48c0-9018-0ac543b37987,bumbling.theater,available,19.99,83.99,medium,low,8,name.com,,,11/08/2026 09:34
d605d5b4-820d-4dd8-bbd9-9b2d2caa5e4a,washup.theater,available,65.99,65.99,medium,low,6,namesilo,,,24/09/2026 22:42
43eaeb35-6290-4f4e-a08d-1cd3a149a37b,stubbornly.theater,available,65.99,65.99,medium,low,10,namesilo,,,14/09/2026 10:12
0b0caaa2-dcf4-4099-80b3-402b46f24673,worthwhile.theater,available,51.95,51.95,high,low,10,spaceship,,,28/09/2026 11:04
927a469e-f2fb-4087-8fd6-c38587d421a2,killed.theater,available,65.99,65.99,medium,low,6,namesilo,,,17/09/2026 12:17
a7e3c56e-5ec7-4d97-be31-247ec66d47e2,insipid.theater,available,19.99,83.99,medium,low,7,name.com,,,10/08/2026 12:59
9d9227c7-f14a-480d-95a8-c26af9c810e6,hands.theater,available,65.99,65.99,high,low,5,namesilo,,,08/09/2026 04:01
df724e13-f732-469b-8851-05e400dd1cb8,trifling.theater,available,65.99,65.99,high,low,8,namesilo,,,05/09/2026 00:21
1ff0ec6d-dbf9-45c5-855f-b741c2c44fd6,npc.theater,available,10.92,53.72,high,medium,3,dynadot,,,29/09/2026 13:34
50ca10b4-fb7b-49a0-87ee-9e3347232c16,kicks.theater,available,65.99,65.99,high,low,5,namesilo,,,18/09/2026 05:38
589def89-7a10-4185-8bf0-dae66cde4b2f,wald.theater,available,51.95,51.95,high,low,4,spaceship,,,29/09/2026 21:04
b16a1185-47a2-4f69-ac2a-088e10d37764,parents.theater,available,19.99,,high,low,7,name.com,,,
c9533ee8-5f26-487d-8175-a34a1fbbe9e9,knot.theater,available,67.98,80.98,high,low,4,namecheap,,,28/09/2026 19:37
8500842d-dc2d-4019-821c-2ee7d7605326,sportsperson.theater,available,65.99,65.99,high,low,12,namesilo,,,16/09/2026 08:58
696078ec-691b-4d2c-a63a-34d423def76a,blackfriar.theater,available,19.99,83.99,medium,low,10,name.com,,,14/08/2026 15:46
6b5ca0b1-f420-48fc-bff4-6d98e924d902,songs.theater,available,67.98,80.98,high,low,5,namecheap,,,25/09/2026 19:03
238649fb-cd38-4592-ac60-e91b839aef70,predict.theater,available,65.99,65.99,high,medium,7,namesilo,,,21/09/2026 03:41
fbfe71ca-9b42-4070-b066-305616ad3a74,affirmer.theater,available,65.99,65.99,medium,low,8,namesilo,,,17/09/2026 14:33
52210ffc-c053-477e-8cbb-a6d76a8a6a1f,vividly.theater,available,65.99,65.99,high,low,7,namesilo,,,16/09/2026 11:06
c0abef01-0066-4440-a5f7-f223b2a95b64,gilman.theater,available,51.95,51.95,medium,low,6,spaceship,,,28/09/2026 09:22
455a6453-6376-4611-b013-eeafa8a8d9f3,abrogation.theater,available,67.98,80.98,medium,low,10,namecheap,,,16/09/2026 17:14
15119fcc-5404-4c01-a688-5eeb5a502075,pettily.theater,available,65.99,65.99,low,low,7,namesilo,,,15/09/2026 19:44
332ca968-501a-4b4a-9f1c-6f38518e7af5,unrealistic.theater,available,67.98,80.98,medium,low,11,namecheap,,,29/09/2026 21:08
b4f75eb2-ba22-4f99-bd9b-8375b8018978,occupant.theater,available,65.99,65.99,high,low,8,namesilo,,,09/09/2026 14:52
8d839141-795b-450b-a76e-e45a24e48763,courage.theater,available,10.92,53.72,high,low,7,dynadot,,,29/09/2026 04:01
2bb99685-cebe-4ba0-b1c1-59c44bb25376,albums.theater,available,50.2,50.2,low,low,6,cloudflare,,,29/09/2026 05:39
4f3e8713-a48b-47cd-817f-8e057d374d9a,stochastic.theater,available,67.98,80.98,medium,low,10,namecheap,,,10/09/2026 20:50
d2d14fd1-db71-402d-9404-803711df6cdb,bagdad.theater,available,65.99,65.99,medium,low,6,namesilo,,,29/09/2026 00:26
ea57ba8f-d0ad-40b7-bb20-af677ebcb7f2,skunk.theater,available,19.99,83.99,high,low,5,name.com,,,11/08/2026 09:13
450ab96c-913d-4526-9ab2-92275095ca07,paralytic.theater,available,65.99,65.99,medium,low,9,namesilo,,,08/09/2026 00:57
690952e3-6a03-47ea-91dc-999a8467f856,desire.theater,available,67.98,80.98,high,low,6,namecheap,,,19/09/2026 18:10
9d345f49-5f3d-4358-b291-15c83a193f36,pulverized.theater,available,19.99,83.99,medium,low,10,name.com,,,18/08/2026 04:41
ccb64672-bfd4-44f0-a22c-0eeabcffda4a,balefire.theater,available,67.98,80.98,medium,low,8,namecheap,,,21/09/2026 21:52
18d7294d-123e-49d4-929a-0b398f955348,helicopter.theater,available,67.98,80.98,high,low,10,namecheap,,,25/09/2026 05:19
8bd82c8e-c079-40c7-91bf-5270cf8967f0,cornish.theater,available,19.99,83.99,high,low,7,name.com,,,13/08/2026 01:42
2c545da8-f9d7-4675-ba8f-e7ce84408bb6,print.theater,available,19.99,,high,medium,5,name.com,,,
f0a8b7cf-82e8-479a-bc58-5190bcc2542f,numerate.theater,available,19.99,83.99,medium,low,8,name.com,,,03/09/2026 22:56
1b037081-04ec-42aa-aa1f-1b5223c267bb,annotated.theater,available,19.99,,high,low,9,name.com,,,
cde8fd1d-5984-4d00-a3b9-d310b709e6d8,widen.theater,available,19.99,,high,low,5,name.com,,,
c5560394-af24-4540-9b33-b5785314f108,lorenz.theater,available,65.99,65.99,high,low,6,namesilo,,,28/09/2026 10:12
6de6712b-b406-46cc-a0bf-28728a675b06,bullying.theater,available,65.99,65.99,medium,low,8,namesilo,,,23/09/2026 10:48
a9202b83-90c8-408a-961b-75b0a39a5de8,pleased.theater,available,65.99,65.99,high,low,7,namesilo,,,27/09/2026 04:08
210715fb-48f8-4347-8c29-e7b78f4b9ee2,sinus.theater,available,65.99,65.99,high,low,5,namesilo,,,30/09/2026 02:53
cef497ae-ad6c-4dd2-9f7a-5fc6f4e399f8,whispering.theater,available,65.99,65.99,high,low,10,namesilo,,,03/09/2026 11:10
d8cfe2d1-8629-4c63-a655-625ca91d251c,perceive.theater,available,51.95,51.95,high,low,8,spaceship,,,29/09/2026 20:45
e578e44c-c7d5-49ff-858e-803231aeb0b4,languages.theater,available,19.99,83.99,medium,low,9,name.com,,,
47ee34ac-d9c9-4000-adb9-f6ae7df42ea0,governance.theater,available,19.99,83.99,high,low,10,name.com,,,20/08/2026 17:22
d238394e-b92a-4b9e-a147-23012e414fa7,vocal.theater,available,65.99,65.99,high,low,5,namesilo,,,26/09/2026 03:23
ef9ce98b-7bba-44b3-911c-5f99e64a74a5,reveals.theater,available,65.99,65.99,high,low,7,namesilo,,,20/09/2026 06:30
8512b434-746e-4aec-a41c-7d45cb304422,mars.theater,available,51.95,51.95,high,medium,4,spaceship,,,28/09/2026 06:21
4f82f252-cc32-4373-8789-affb934bf300,exchange.theater,available,65.99,65.99,high,low,8,namesilo,,,23/09/2026 13:38
eab59649-2e1c-4a20-b28d-fb303aaba5f7,tango.theater,available,50.2,50.2,high,low,5,cloudflare,,,29/09/2026 02:17
88553314-be20-4a42-ac92-4ccc16507813,barcarolle.theater,available,65.99,65.99,medium,low,10,namesilo,,,22/09/2026 05:06
0fc8aaa3-b457-4a19-bbe5-c818ab63c7bc,starr.theater,available,51.95,51.95,high,low,5,spaceship,,,29/09/2026 07:58
0d92da74-973b-47e7-9ec2-6071bf1c672d,singularly.theater,available,65.99,65.99,medium,low,10,namesilo,,,16/09/2026 01:55
9f029885-ae33-495f-bf87-592c852ab90c,discovering.theater,available,65.99,65.99,medium,low,11,namesilo,,,29/09/2026 10:28
e8ec45b7-f685-4989-b6f7-f8d7c451a3f7,azure.theater,available,,,high,high,5,,,,
d59bff20-5ab5-42e3-9fae-9d046e8b4e79,aliquot.theater,available,19.99,83.99,high,low,7,name.com,,,
2deb115f-4f5d-45d4-a0d0-e39cf4d8fecb,misgiving.theater,available,65.99,65.99,medium,low,9,namesilo,,,24/09/2026 23:11
17d756e0-c5f5-47ad-984b-52f60f6de67c,resister.theater,available,65.99,65.99,medium,low,8,namesilo,,,17/09/2026 10:48
32213a0b-49a5-41b5-95ce-29ec8f59758f,bawdy.theater,available,19.99,83.99,medium,low,5,name.com,,,09/08/2026 02:05
a5a4c7f5-9eeb-450b-b5b0-f794227e35f1,honorary.theater,available,19.99,83.99,high,low,8,name.com,,,21/08/2026 13:29
f7f37bad-9c03-4e54-bd2b-f654124056e2,labored.theater,available,19.99,83.99,medium,low,7,name.com,,,22/08/2026 17:34
ac1d88da-6d76-4aae-8038-8ae952cae3f2,html.theater,available,65.99,65.99,high,low,4,namesilo,,,29/09/2026 23:08
98fc745b-0b80-4b32-9c30-bf5e98003bbe,unlawful.theater,available,19.99,83.99,medium,low,8,name.com,,,21/08/2026 19:54
6f669be9-ccfd-4cf9-a6e0-347e7a0e0e83,circuits.theater,available,51.95,51.95,medium,low,8,spaceship,,,29/09/2026 00:07
ccb550ed-e17f-4495-bf0d-beae0b524967,arbitrate.theater,available,19.99,83.99,high,low,9,name.com,,,22/08/2026 08:17
3b76e23f-ce3d-4c01-95a3-dc184ec57cf1,underestimate.theater,available,19.99,,high,low,13,name.com,,,
8ddd4f22-e9dc-4271-b03c-fd5b49001496,social.theater,available,65.99,65.99,high,medium,6,namesilo,,,19/09/2026 17:20
9e0bf328-6c16-4414-9da4-e815c4f17715,speculation.theater,available,19.99,,high,low,11,name.com,,,
026ba9ae-1996-46ed-9889-cdc865dfea1a,withering.theater,available,19.99,83.99,medium,low,9,name.com,,,
f1368d9b-09a6-4dbf-a7b3-b42ec5130ca9,guayaquil.theater,available,67.98,80.98,medium,low,9,namecheap,,,30/09/2026 01:48
793529ec-0452-4e4f-b13f-ad7d3f2cc07f,runny.theater,available,65.99,65.99,medium,low,5,namesilo,,,09/09/2026 19:37
377d6170-a29f-4ed8-a7e7-40a3b4689f63,hardbound.theater,available,19.99,83.99,high,low,9,name.com,,,21/08/2026 00:42
4efb90fe-4937-44fd-85cc-309edb62e34d,fbs.theater,available,10.92,53.72,high,low,3,dynadot,,,29/09/2026 22:15
1029c4fd-9741-4fc1-a068-1cd10bf60473,barring.theater,available,65.99,65.99,medium,low,7,namesilo,,,29/09/2026 01:15
107c546a-9b7e-4800-858b-15e75757e7c4,fanatic.theater,available,19.99,83.99,high,low,7,name.com,,,17/08/2026 21:49
dd5e8ba8-57af-4c1a-8fc7-3ccac40d7035,nighttime.theater,available,19.99,,high,low,9,name.com,,,
5d933ab8-2eea-4798-aa77-2ffa549b28e4,antigram.theater,available,65.99,65.99,low,low,8,namesilo,,,19/09/2026 14:31
5eef9810-dc11-4aca-81cc-c438a87cc6c7,breathing.theater,available,19.99,83.99,high,low,9,name.com,,,11/08/2026 03:18
fa495409-d001-450d-843e-599bd1f3ebbb,sea.theater,available,19.99,,high,low,3,name.com,,,
26a78bfd-4036-45f6-9c25-df7ec4942040,blowhard.theater,available,19.99,83.99,medium,low,8,name.com,,,11/08/2026 01:19
205be5cf-34ee-46e1-84be-f0287800b986,thrilling.theater,available,19.99,83.99,high,low,9,name.com,,,16/08/2026 02:41
d4446875-615f-46cd-b213-7383932ba251,avuncular.theater,available,19.99,83.99,medium,low,9,name.com,,,07/08/2026 23:51
69c06d6a-0c1f-40b1-9870-7be64cb2c868,trotsky.theater,available,51.95,51.95,medium,low,7,spaceship,,,28/09/2026 19:41
57e45932-814d-4b91-a365-84c5877fb277,commend.theater,available,19.99,,high,low,7,name.com,,,
e8022101-1099-4ecd-8580-45b69d9cf262,kristin.theater,available,50.2,50.2,medium,low,7,cloudflare,,,29/09/2026 03:57
12d73a30-6ca3-432d-bd0c-aff7a4123bec,circinate.theater,available,19.99,83.99,high,low,9,name.com,,,
191ca58d-dff7-4773-9b2e-7699f349b201,stood.theater,available,19.99,,medium,low,5,name.com,,,
c222ec6e-2ed5-4200-855a-eb353c070e10,hussey.theater,available,65.99,65.99,high,low,6,namesilo,,,29/09/2026 15:04
362387e9-6b10-4d15-973c-0aecef26d771,commander.theater,available,65.99,65.99,high,low,9,namesilo,,,17/09/2026 22:14
bab445cc-9d64-435c-9e4c-20a9831f049a,christy.theater,available,65.99,65.99,high,low,7,namesilo,,,29/09/2026 21:38
1035d4e0-98c2-4094-8699-036400737f1c,fogey.theater,available,19.99,83.99,medium,low,5,name.com,,,18/08/2026 13:10
8b658e22-9827-4d93-9753-cfe3a75a3fb5,renee.theater,available,65.99,65.99,medium,low,5,namesilo,,,28/09/2026 21:55
658010df-b4b5-4aa5-8fb2-a3f93788e37c,montclair.theater,available,65.99,65.99,medium,low,9,namesilo,,,29/09/2026 04:37
0b0c2b3f-cc5e-4b62-ba70-8c446973b4ec,blankets.theater,available,67.98,80.98,medium,low,8,namecheap,,,29/09/2026 05:14
1df3bd4f-59c6-4688-871d-ec1f49e53238,surely.theater,available,67.98,80.98,high,low,6,namecheap,,,24/09/2026 20:56
c3049ab6-dd63-4dea-8a71-6b9657156a5b,archival.theater,available,19.99,83.99,high,low,8,name.com,,,06/08/2026 15:53
dc9e1cec-2ac2-4a60-a98c-4a2baff0234d,grandiose.theater,available,19.99,83.99,high,low,9,name.com,,,20/08/2026 17:58
fcfc8f00-b95f-4934-9cb8-240e957a2eb9,extrovert.theater,available,19.99,83.99,high,low,9,name.com,,,17/08/2026 19:27
378aa10e-cdc4-4c05-9b82-c0e91cd60cba,unusable.theater,available,65.99,65.99,medium,low,8,namesilo,,,12/09/2026 21:58
cf081338-5c54-461f-b38a-6688b12f0b43,acknowledge.theater,available,19.99,,high,low,11,name.com,,,
ace11b4a-286e-421c-adce-d8d19987afe7,nash.theater,available,19.99,,high,low,4,name.com,,,
4d171c72-1875-4b7c-b4e1-69f92d987fac,charity.theater,available,65.99,65.99,high,low,7,namesilo,,,24/09/2026 10:51
5c0dc3f7-bc7b-4808-b702-4b13098503d1,grump.theater,available,19.99,83.99,medium,low,5,name.com,,,13/08/2026 04:58
ec7fa001-7785-46eb-b633-0a2a7bf05715,cecal.theater,available,19.99,83.99,medium,low,5,name.com,,,11/08/2026 12:54
fe9de349-0732-4113-8569-3cf6fa1267d1,spiceberry.theater,available,67.98,80.98,medium,low,10,namecheap,,,20/09/2026 03:12
596bf251-3422-4cb6-acf0-009b9c3e9b49,succinct.theater,available,65.99,65.99,high,low,8,namesilo,,,23/09/2026 17:07
97a2e29b-989e-4e36-9f1d-420f245bcf35,bergson.theater,available,65.99,65.99,high,low,7,namesilo,,,23/09/2026 09:22
edf27295-3fd7-4dda-a1f9-00b76c4ecc1f,fairfax.theater,available,67.98,80.98,high,low,7,namecheap,,,25/09/2026 15:13
a8166aea-7e81-4cd4-976b-93b262706707,existent.theater,available,19.99,83.99,high,low,8,name.com,,,
801b606e-c716-4d6b-9a7e-b258a8ff9848,broom.theater,available,65.99,65.99,high,low,5,namesilo,,,24/09/2026 10:47
a0d3222b-d87e-444c-8bb5-9eee1cf0b255,angelus.theater,available,65.99,65.99,high,low,7,namesilo,,,19/09/2026 06:03
83911666-a854-43b2-9c5f-281d8a813ec2,snowden.theater,available,50.2,50.2,medium,low,7,cloudflare,,,29/09/2026 11:15
9c1a32f6-da59-4fb0-8aaf-69451839ec84,atrip.theater,available,19.99,83.99,low,low,5,name.com,,,07/08/2026 14:33
b0c2b718-f47c-4edd-b993-c787d7cf113f,asinine.theater,available,19.99,83.99,low,low,7,name.com,,,07/08/2026 02:35
94e158ed-d587-4713-b36a-ea919d4fff3d,erosive.theater,available,19.99,83.99,medium,low,7,name.com,,,13/08/2026 02:09
48d8f997-e4d2-4d47-9dd3-cbb3b7fdf572,scientists.theater,available,67.98,80.98,medium,low,10,namecheap,,,27/09/2026 11:19
784e262f-c423-471c-9490-be281efecd65,formative.theater,available,19.99,83.99,high,low,9,name.com,,,18/08/2026 12:07
24226446-fdce-4432-8c66-42be68985c4a,anseres.theater,available,67.98,80.98,medium,low,7,namecheap,,,19/09/2026 12:08
121e16f1-07af-4fbb-bfcc-c94181c7dbb9,version.theater,available,67.98,80.98,high,low,7,namecheap,,,28/09/2026 18:17
1b1e3f23-f31f-4389-94b7-e550552365be,joewood.theater,available,65.99,65.99,medium,low,7,namesilo,,,22/09/2026 04:36
87b1f2a0-340c-4fc4-a6d9-55c56a051643,acarpelous.theater,available,19.99,83.99,medium,low,10,name.com,,,
e3e3a83c-d562-43f0-b85f-34b478453029,hypnotized.theater,available,19.99,83.99,high,low,10,name.com,,,17/08/2026 22:46
3d93a4d1-75b8-4659-96e2-9bfb80962726,federal.theater,available,65.99,65.99,high,low,7,namesilo,,,24/09/2026 17:28
864a90d3-98bf-4da8-a478-73f8c2778292,rodgers.theater,available,65.99,65.99,high,low,7,namesilo,,,25/09/2026 10:22
4bc2f782-d870-44e7-8e12-46405fad8bee,crc.theater,available,51.95,51.95,high,low,3,spaceship,,,28/09/2026 21:11
0b31e6f5-d8d5-4ae4-a179-81bf69539d92,cursory.theater,available,19.99,83.99,medium,low,7,name.com,,,13/08/2026 11:41
ec18d922-faea-46d0-94f7-315244fe0bf3,straight.theater,available,19.99,83.99,high,low,8,name.com,,,14/08/2026 08:46
7b020c0f-230b-467d-99a0-c3b8eaf82230,mortgage.theater,available,50.2,50.2,high,low,8,cloudflare,,,28/09/2026 06:56
e2ac8de4-af59-4546-8e74-8b3fc202b00d,landlocked.theater,available,19.99,83.99,medium,low,10,name.com,,,22/08/2026 19:26
ae868cf1-16cb-466a-b97b-64aa1f2ce624,agrologic.theater,available,19.99,83.99,medium,low,9,name.com,,,
a82b813d-e403-4571-8133-5e8938d1540a,external.theater,available,19.99,83.99,high,low,8,name.com,,,17/08/2026 19:09
a681dcc1-cf35-404a-9719-a48bd4546aa4,anyone.theater,available,19.99,,medium,low,6,name.com,,,
822f13fb-a98c-416d-a73d-a447a7cb78db,depths.theater,available,10.81,52.01,medium,low,6,porkbun,,,28/09/2026 23:11
786794a5-21d2-46f9-8028-6badadd05e4c,amur.theater,available,65.99,65.99,high,low,4,namesilo,,,19/09/2026 00:13
2e20bfec-2c23-48ef-bd82-07d7d954dc15,fertility.theater,available,67.98,80.98,high,low,9,namecheap,,,23/09/2026 21:05
1b7d5e8c-bca9-44ae-bc38-e914d15d44cc,tons.theater,available,65.99,65.99,high,low,4,namesilo,,,28/09/2026 15:04
095c7b31-03f1-466c-9868-6532b0907a33,bathroom.theater,available,67.98,80.98,high,low,8,namecheap,,,27/09/2026 06:27
5dbd9723-0166-49dc-a8bd-71d7bda10171,vegas.theater,premium,512,512,high,low,5,namesilo,,,25/09/2026 15:39
881c8fc9-a034-4749-928a-9b268a644d21,eyestrain.theater,available,65.99,65.99,medium,low,9,namesilo,,,20/09/2026 17:21
f4b0b46c-17a7-4e84-9f22-0cded3f387c5,boxes.theater,available,65.99,65.99,medium,low,5,namesilo,,,17/09/2026 04:37
5429e696-631c-4789-aa8d-9ecc7c634620,remembered.theater,available,67.98,80.98,high,low,10,namecheap,,,17/09/2026 12:04
b1c4a8c6-f84b-4f36-97e2-3cd1f5bceacf,dsc.theater,available,51.95,51.95,high,low,3,spaceship,,,29/09/2026 21:44
45955508-f705-4a10-9026-de504184e999,thessaloniki.theater,available,65.99,65.99,medium,low,12,namesilo,,,29/09/2026 15:14
2adb91ef-70f0-42dc-89c5-54c59c3e0257,agnostic.theater,available,67.98,80.98,high,low,8,namecheap,,,21/09/2026 23:11
31572f29-3a2b-462b-8a3d-f3597237efd9,chairs.theater,available,67.98,80.98,medium,low,6,namecheap,,,17/09/2026 18:32
4b6eb401-0aac-45de-ab57-d19557078fde,routes.theater,available,65.99,65.99,medium,low,6,namesilo,,,29/09/2026 10:52
e5f41bad-0558-467a-872f-c908fb6d83f9,sims.theater,available,51.95,51.95,high,low,4,spaceship,,,29/09/2026 04:07
85d4de2e-e195-426f-a337-7ceb02605931,unmarked.theater,available,67.98,80.98,medium,low,8,namecheap,,,04/09/2026 21:06
eb2972e6-3b2b-4ff9-bd85-1a7c28e262c7,over.theater,available,65.99,65.99,high,low,4,namesilo,,,22/09/2026 00:56
fb2ee283-c325-40b1-967b-ae965f046bb0,albert.theater,available,65.99,65.99,high,low,6,namesilo,,,18/09/2026 02:35
9b02d120-ee32-440c-8097-de72d9aa3834,faceted.theater,available,19.99,83.99,high,low,7,name.com,,,17/08/2026 20:24
4c5c676b-f35d-47c1-a42b-4ff7c6d99746,assortment.theater,available,19.99,83.99,high,low,10,name.com,,,25/08/2026 07:59
0569b103-862d-4d4f-b6e7-4404c3d0c46f,sudbury.theater,available,10.81,52.01,medium,low,7,porkbun,,,28/09/2026 06:48
ed043073-19a4-4b94-9775-2cb03e399022,negotiations.theater,available,65.99,65.99,medium,low,12,namesilo,,,17/09/2026 08:01
3d5923e8-79c1-4462-a807-3b159c2bbed8,ingredients.theater,available,19.99,,medium,low,11,name.com,,,
c27de55b-67ae-4364-8140-2d999ca567fa,supposed.theater,available,67.98,80.98,high,low,8,namecheap,,,23/09/2026 20:34
d6e1d6bd-aa9c-4637-921c-a6dae50f7286,auckland.theater,premium,78.54,78.54,high,low,8,namesilo,,,21/09/2026 02:39
b18e0218-209a-4b94-8715-7200b8db8ffb,expedience.theater,available,65.99,65.99,medium,low,10,namesilo,,,10/09/2026 02:11
9122080d-5fcc-4910-84a8-30af32c03851,hangdog.theater,available,19.99,83.99,medium,low,7,name.com,,,20/08/2026 23:41
637ae15d-31d1-42f3-ac93-ebc2e02c5864,amatory.theater,available,19.99,83.99,medium,low,7,name.com,,,
28911f3a-774e-4eaf-8a5b-94abdede2ffa,conduction.theater,available,10.92,53.72,high,low,10,dynadot,,,29/09/2026 10:47
ac39a2f7-9229-4246-9584-5867f9559fdd,carotid.theater,available,19.99,83.99,high,low,7,name.com,,,11/08/2026 19:33